﻿<?xml version="1.0" encoding="utf-8"?>
<Contacts>
  <Contact>
    <Id>1</Id>
    <FirstName>Cyxi</FirstName>
    <LastName>Xvntwk</LastName>
    <Email>Cyxi_Xvntwk@gmail.com</Email>
  </Contact>
  <Contact>
    <Id>2</Id>
    <FirstName>Jnkz</FirstName>
    <LastName>Pckpsf</LastName>
    <Email>Jnkz_Pckpsf@gmail.com</Email>
  </Contact>
  <Contact>
    <Id>3</Id>
    <FirstName>Yhhy</FirstName>
    <LastName>Oonzfj</LastName>
    <Email>Yhhy_Oonzfj@gmail.com</Email>
  </Contact>
  <Contact>
    <Id>4</Id>
    <FirstName>Ivqm</FirstName>
    <LastName>Wlxznv</LastName>
    <Email>Ivqm_Wlxznv@gmail.com</Email>
  </Contact>
  <Contact>
    <Id>5</Id>
    <FirstName>Sntg</FirstName>
    <LastName>Lrctzo</LastName>
    <Email>Sntg_Lrctzo@gmail.com</Email>
  </Contact>
  <Contact>
    <Id>6</Id>
    <FirstName>Wqzf</FirstName>
    <LastName>Rurztj</LastName>
    <Email>Wqzf_Rurztj@gmail.com</Email>
  </Contact>
  <Contact>
    <Id>7</Id>
    <FirstName>Innm</FirstName>
    <LastName>Bnwxde</LastName>
    <Email>Innm_Bnwxde@gmail.com</Email>
  </Contact>
  <Contact>
    <Id>8</Id>
    <FirstName>Flcw</FirstName>
    <LastName>Nlobmw</LastName>
    <Email>Flcw_Nlobmw@gmail.com</Email>
  </Contact>
  <Contact>
    <Id>9</Id>
    <FirstName>Mtaq</FirstName>
    <LastName>Nswkvb</LastName>
    <Email>Mtaq_Nswkvb@gmail.com</Email>
  </Contact>
  <Contact>
    <Id>10</Id>
    <FirstName>Uyfd</FirstName>
    <LastName>Nfzgey</LastName>
    <Email>Uyfd_Nfzgey@gmail.com</Email>
  </Contact>
  <Contact>
    <Id>11</Id>
    <FirstName>Ueqv</FirstName>
    <LastName>Jkocsf</LastName>
    <Email>Ueqv_Jkocsf@gmail.com</Email>
  </Contact>
  <Contact>
    <Id>12</Id>
    <FirstName>Gqmx</FirstName>
    <LastName>Xonxzj</LastName>
    <Email>Gqmx_Xonxzj@gmail.com</Email>
  </Contact>
  <Contact>
    <Id>13</Id>
    <FirstName>Rmbc</FirstName>
    <LastName>Jhfyji</LastName>
    <Email>Rmbc_Jhfyji@gmail.com</Email>
  </Contact>
  <Contact>
    <Id>14</Id>
    <FirstName>Mhwo</FirstName>
    <LastName>Bhdfhc</LastName>
    <Email>Mhwo_Bhdfhc@gmail.com</Email>
  </Contact>
  <Contact>
    <Id>15</Id>
    <FirstName>Dtsq</FirstName>
    <LastName>Ueligz</LastName>
    <Email>Dtsq_Ueligz@gmail.com</Email>
  </Contact>
  <Contact>
    <Id>16</Id>
    <FirstName>Rchv</FirstName>
    <LastName>Gicnlc</LastName>
    <Email>Rchv_Gicnlc@gmail.com</Email>
  </Contact>
  <Contact>
    <Id>17</Id>
    <FirstName>Fptk</FirstName>
    <LastName>Tztxvp</LastName>
    <Email>Fptk_Tztxvp@gmail.com</Email>
  </Contact>
  <Contact>
    <Id>18</Id>
    <FirstName>Kiqx</FirstName>
    <LastName>Fxulif</LastName>
    <Email>Kiqx_Fxulif@gmail.com</Email>
  </Contact>
  <Contact>
    <Id>19</Id>
    <FirstName>Vxsk</FirstName>
    <LastName>Qjabht</LastName>
    <Email>Vxsk_Qjabht@gmail.com</Email>
  </Contact>
  <Contact>
    <Id>20</Id>
    <FirstName>Fpte</FirstName>
    <LastName>Xoahwu</LastName>
    <Email>Fpte_Xoahwu@gmail.com</Email>
  </Contact>
  <Contact>
    <Id>21</Id>
    <FirstName>Knmq</FirstName>
    <LastName>Ojljpi</LastName>
    <Email>Knmq_Ojljpi@gmail.com</Email>
  </Contact>
  <Contact>
    <Id>22</Id>
    <FirstName>Oqfg</FirstName>
    <LastName>Ghxiuj</LastName>
    <Email>Oqfg_Ghxiuj@gmail.com</Email>
  </Contact>
  <Contact>
    <Id>23</Id>
    <FirstName>Zsqc</FirstName>
    <LastName>Kvolar</LastName>
    <Email>Zsqc_Kvolar@gmail.com</Email>
  </Contact>
  <Contact>
    <Id>24</Id>
    <FirstName>Xmpn</FirstName>
    <LastName>Uikcvg</LastName>
    <Email>Xmpn_Uikcvg@gmail.com</Email>
  </Contact>
  <Contact>
    <Id>25</Id>
    <FirstName>Yqlz</FirstName>
    <LastName>Eojmyp</LastName>
    <Email>Yqlz_Eojmyp@gmail.com</Email>
  </Contact>
  <Contact>
    <Id>26</Id>
    <FirstName>Qrnm</FirstName>
    <LastName>Urxkft</LastName>
    <Email>Qrnm_Urxkft@gmail.com</Email>
  </Contact>
  <Contact>
    <Id>27</Id>
    <FirstName>Vajx</FirstName>
    <LastName>Lcbsly</LastName>
    <Email>Vajx_Lcbsly@gmail.com</Email>
  </Contact>
  <Contact>
    <Id>28</Id>
    <FirstName>Wvmn</FirstName>
    <LastName>Ljhqyw</LastName>
    <Email>Wvmn_Ljhqyw@gmail.com</Email>
  </Contact>
  <Contact>
    <Id>29</Id>
    <FirstName>Lbnk</FirstName>
    <LastName>Bfzcsd</LastName>
    <Email>Lbnk_Bfzcsd@gmail.com</Email>
  </Contact>
  <Contact>
    <Id>30</Id>
    <FirstName>Kawc</FirstName>
    <LastName>Lxgonc</LastName>
    <Email>Kawc_Lxgonc@gmail.com</Email>
  </Contact>
  <Contact>
    <Id>31</Id>
    <FirstName>Mraz</FirstName>
    <LastName>Tvezbl</LastName>
    <Email>Mraz_Tvezbl@gmail.com</Email>
  </Contact>
  <Contact>
    <Id>32</Id>
    <FirstName>Kglj</FirstName>
    <LastName>Htnzwg</LastName>
    <Email>Kglj_Htnzwg@gmail.com</Email>
  </Contact>
  <Contact>
    <Id>33</Id>
    <FirstName>Czzi</FirstName>
    <LastName>Nvykco</LastName>
    <Email>Czzi_Nvykco@gmail.com</Email>
  </Contact>
  <Contact>
    <Id>34</Id>
    <FirstName>Csdw</FirstName>
    <LastName>Jtanqf</LastName>
    <Email>Csdw_Jtanqf@gmail.com</Email>
  </Contact>
  <Contact>
    <Id>35</Id>
    <FirstName>Aaah</FirstName>
    <LastName>Teonvs</LastName>
    <Email>Aaah_Teonvs@gmail.com</Email>
  </Contact>
  <Contact>
    <Id>36</Id>
    <FirstName>Khrg</FirstName>
    <LastName>Znsslx</LastName>
    <Email>Khrg_Znsslx@gmail.com</Email>
  </Contact>
  <Contact>
    <Id>37</Id>
    <FirstName>Wuwn</FirstName>
    <LastName>Ircpzn</LastName>
    <Email>Wuwn_Ircpzn@gmail.com</Email>
  </Contact>
  <Contact>
    <Id>38</Id>
    <FirstName>Szir</FirstName>
    <LastName>Fcyrpj</LastName>
    <Email>Szir_Fcyrpj@gmail.com</Email>
  </Contact>
  <Contact>
    <Id>39</Id>
    <FirstName>Glpk</FirstName>
    <LastName>Evbwwv</LastName>
    <Email>Glpk_Evbwwv@gmail.com</Email>
  </Contact>
  <Contact>
    <Id>40</Id>
    <FirstName>Bict</FirstName>
    <LastName>Ifdnyb</LastName>
    <Email>Bict_Ifdnyb@gmail.com</Email>
  </Contact>
  <Contact>
    <Id>41</Id>
    <FirstName>Bynh</FirstName>
    <LastName>Akyaaw</LastName>
    <Email>Bynh_Akyaaw@gmail.com</Email>
  </Contact>
  <Contact>
    <Id>42</Id>
    <FirstName>Padb</FirstName>
    <LastName>Qlfmjn</LastName>
    <Email>Padb_Qlfmjn@gmail.com</Email>
  </Contact>
  <Contact>
    <Id>43</Id>
    <FirstName>Qgte</FirstName>
    <LastName>Mjxpiz</LastName>
    <Email>Qgte_Mjxpiz@gmail.com</Email>
  </Contact>
  <Contact>
    <Id>44</Id>
    <FirstName>Zktn</FirstName>
    <LastName>Ihyhjt</LastName>
    <Email>Zktn_Ihyhjt@gmail.com</Email>
  </Contact>
  <Contact>
    <Id>45</Id>
    <FirstName>Wava</FirstName>
    <LastName>Fafacx</LastName>
    <Email>Wava_Fafacx@gmail.com</Email>
  </Contact>
  <Contact>
    <Id>46</Id>
    <FirstName>Aqel</FirstName>
    <LastName>Lvfjuq</LastName>
    <Email>Aqel_Lvfjuq@gmail.com</Email>
  </Contact>
  <Contact>
    <Id>47</Id>
    <FirstName>Mjsa</FirstName>
    <LastName>Wfhpsi</LastName>
    <Email>Mjsa_Wfhpsi@gmail.com</Email>
  </Contact>
  <Contact>
    <Id>48</Id>
    <FirstName>Nxdp</FirstName>
    <LastName>Rqksym</LastName>
    <Email>Nxdp_Rqksym@gmail.com</Email>
  </Contact>
  <Contact>
    <Id>49</Id>
    <FirstName>Dxnl</FirstName>
    <LastName>Zjfibn</LastName>
    <Email>Dxnl_Zjfibn@gmail.com</Email>
  </Contact>
  <Contact>
    <Id>50</Id>
    <FirstName>Cpnt</FirstName>
    <LastName>Hmhuda</LastName>
    <Email>Cpnt_Hmhuda@gmail.com</Email>
  </Contact>
  <Contact>
    <Id>51</Id>
    <FirstName>Sqht</FirstName>
    <LastName>Kcnptv</LastName>
    <Email>Sqht_Kcnptv@gmail.com</Email>
  </Contact>
  <Contact>
    <Id>52</Id>
    <FirstName>Kmkh</FirstName>
    <LastName>Mpwhbn</LastName>
    <Email>Kmkh_Mpwhbn@gmail.com</Email>
  </Contact>
  <Contact>
    <Id>53</Id>
    <FirstName>Zzof</FirstName>
    <LastName>Gyjjie</LastName>
    <Email>Zzof_Gyjjie@gmail.com</Email>
  </Contact>
  <Contact>
    <Id>54</Id>
    <FirstName>Ippy</FirstName>
    <LastName>Unpubw</LastName>
    <Email>Ippy_Unpubw@gmail.com</Email>
  </Contact>
  <Contact>
    <Id>55</Id>
    <FirstName>Wqof</FirstName>
    <LastName>Dpeggr</LastName>
    <Email>Wqof_Dpeggr@gmail.com</Email>
  </Contact>
  <Contact>
    <Id>56</Id>
    <FirstName>Qatq</FirstName>
    <LastName>Asbcml</LastName>
    <Email>Qatq_Asbcml@gmail.com</Email>
  </Contact>
  <Contact>
    <Id>57</Id>
    <FirstName>Tdhp</FirstName>
    <LastName>Nvxlmy</LastName>
    <Email>Tdhp_Nvxlmy@gmail.com</Email>
  </Contact>
  <Contact>
    <Id>58</Id>
    <FirstName>Zcfe</FirstName>
    <LastName>Qjlicq</LastName>
    <Email>Zcfe_Qjlicq@gmail.com</Email>
  </Contact>
  <Contact>
    <Id>59</Id>
    <FirstName>Tddq</FirstName>
    <LastName>Nhwzyc</LastName>
    <Email>Tddq_Nhwzyc@gmail.com</Email>
  </Contact>
  <Contact>
    <Id>60</Id>
    <FirstName>Lnhp</FirstName>
    <LastName>Dtjysh</LastName>
    <Email>Lnhp_Dtjysh@gmail.com</Email>
  </Contact>
  <Contact>
    <Id>61</Id>
    <FirstName>Ssth</FirstName>
    <LastName>Rouozq</LastName>
    <Email>Ssth_Rouozq@gmail.com</Email>
  </Contact>
  <Contact>
    <Id>62</Id>
    <FirstName>Gtzv</FirstName>
    <LastName>Sqzqbf</LastName>
    <Email>Gtzv_Sqzqbf@gmail.com</Email>
  </Contact>
  <Contact>
    <Id>63</Id>
    <FirstName>Yxnk</FirstName>
    <LastName>Nmuqbx</LastName>
    <Email>Yxnk_Nmuqbx@gmail.com</Email>
  </Contact>
  <Contact>
    <Id>64</Id>
    <FirstName>Ampu</FirstName>
    <LastName>Yajwzz</LastName>
    <Email>Ampu_Yajwzz@gmail.com</Email>
  </Contact>
  <Contact>
    <Id>65</Id>
    <FirstName>Nhzh</FirstName>
    <LastName>Vsnlwn</LastName>
    <Email>Nhzh_Vsnlwn@gmail.com</Email>
  </Contact>
  <Contact>
    <Id>66</Id>
    <FirstName>Tsxn</FirstName>
    <LastName>Jufjuf</LastName>
    <Email>Tsxn_Jufjuf@gmail.com</Email>
  </Contact>
  <Contact>
    <Id>67</Id>
    <FirstName>Uenc</FirstName>
    <LastName>Quefxr</LastName>
    <Email>Uenc_Quefxr@gmail.com</Email>
  </Contact>
  <Contact>
    <Id>68</Id>
    <FirstName>Gcrc</FirstName>
    <LastName>Srygpu</LastName>
    <Email>Gcrc_Srygpu@gmail.com</Email>
  </Contact>
  <Contact>
    <Id>69</Id>
    <FirstName>Yitn</FirstName>
    <LastName>Dhpcld</LastName>
    <Email>Yitn_Dhpcld@gmail.com</Email>
  </Contact>
  <Contact>
    <Id>70</Id>
    <FirstName>Vacu</FirstName>
    <LastName>Fitxrb</LastName>
    <Email>Vacu_Fitxrb@gmail.com</Email>
  </Contact>
  <Contact>
    <Id>71</Id>
    <FirstName>Nioe</FirstName>
    <LastName>Gqbuur</LastName>
    <Email>Nioe_Gqbuur@gmail.com</Email>
  </Contact>
  <Contact>
    <Id>72</Id>
    <FirstName>Wztz</FirstName>
    <LastName>Glkayi</LastName>
    <Email>Wztz_Glkayi@gmail.com</Email>
  </Contact>
  <Contact>
    <Id>73</Id>
    <FirstName>Ecut</FirstName>
    <LastName>Wgawxj</LastName>
    <Email>Ecut_Wgawxj@gmail.com</Email>
  </Contact>
  <Contact>
    <Id>74</Id>
    <FirstName>Xaoo</FirstName>
    <LastName>Hqtogm</LastName>
    <Email>Xaoo_Hqtogm@gmail.com</Email>
  </Contact>
  <Contact>
    <Id>75</Id>
    <FirstName>Fvht</FirstName>
    <LastName>Gwgcnt</LastName>
    <Email>Fvht_Gwgcnt@gmail.com</Email>
  </Contact>
  <Contact>
    <Id>76</Id>
    <FirstName>Ytzi</FirstName>
    <LastName>Wlouia</LastName>
    <Email>Ytzi_Wlouia@gmail.com</Email>
  </Contact>
  <Contact>
    <Id>77</Id>
    <FirstName>Qexl</FirstName>
    <LastName>Uwkfrq</LastName>
    <Email>Qexl_Uwkfrq@gmail.com</Email>
  </Contact>
  <Contact>
    <Id>78</Id>
    <FirstName>Rvtl</FirstName>
    <LastName>Ciuamz</LastName>
    <Email>Rvtl_Ciuamz@gmail.com</Email>
  </Contact>
  <Contact>
    <Id>79</Id>
    <FirstName>Zxjd</FirstName>
    <LastName>Ldbgrv</LastName>
    <Email>Zxjd_Ldbgrv@gmail.com</Email>
  </Contact>
  <Contact>
    <Id>80</Id>
    <FirstName>Czfg</FirstName>
    <LastName>Wbxvyk</LastName>
    <Email>Czfg_Wbxvyk@gmail.com</Email>
  </Contact>
  <Contact>
    <Id>81</Id>
    <FirstName>Mblw</FirstName>
    <LastName>Ccanfo</LastName>
    <Email>Mblw_Ccanfo@gmail.com</Email>
  </Contact>
  <Contact>
    <Id>82</Id>
    <FirstName>Qnij</FirstName>
    <LastName>Asvuaq</LastName>
    <Email>Qnij_Asvuaq@gmail.com</Email>
  </Contact>
  <Contact>
    <Id>83</Id>
    <FirstName>Udnw</FirstName>
    <LastName>Ospnpb</LastName>
    <Email>Udnw_Ospnpb@gmail.com</Email>
  </Contact>
  <Contact>
    <Id>84</Id>
    <FirstName>Lzcb</FirstName>
    <LastName>Nymmaj</LastName>
    <Email>Lzcb_Nymmaj@gmail.com</Email>
  </Contact>
  <Contact>
    <Id>85</Id>
    <FirstName>Doad</FirstName>
    <LastName>Eorwfe</LastName>
    <Email>Doad_Eorwfe@gmail.com</Email>
  </Contact>
  <Contact>
    <Id>86</Id>
    <FirstName>Fdvi</FirstName>
    <LastName>Qinoik</LastName>
    <Email>Fdvi_Qinoik@gmail.com</Email>
  </Contact>
  <Contact>
    <Id>87</Id>
    <FirstName>Mnxe</FirstName>
    <LastName>Crlgwb</LastName>
    <Email>Mnxe_Crlgwb@gmail.com</Email>
  </Contact>
  <Contact>
    <Id>88</Id>
    <FirstName>Fitq</FirstName>
    <LastName>Ngckrz</LastName>
    <Email>Fitq_Ngckrz@gmail.com</Email>
  </Contact>
  <Contact>
    <Id>89</Id>
    <FirstName>Bthl</FirstName>
    <LastName>Vhdtle</LastName>
    <Email>Bthl_Vhdtle@gmail.com</Email>
  </Contact>
  <Contact>
    <Id>90</Id>
    <FirstName>Lxdq</FirstName>
    <LastName>Wqqwan</LastName>
    <Email>Lxdq_Wqqwan@gmail.com</Email>
  </Contact>
  <Contact>
    <Id>91</Id>
    <FirstName>Dkad</FirstName>
    <LastName>Ywkeuj</LastName>
    <Email>Dkad_Ywkeuj@gmail.com</Email>
  </Contact>
  <Contact>
    <Id>92</Id>
    <FirstName>Fcxj</FirstName>
    <LastName>Itfmiv</LastName>
    <Email>Fcxj_Itfmiv@gmail.com</Email>
  </Contact>
  <Contact>
    <Id>93</Id>
    <FirstName>Orur</FirstName>
    <LastName>Qhfcux</LastName>
    <Email>Orur_Qhfcux@gmail.com</Email>
  </Contact>
  <Contact>
    <Id>94</Id>
    <FirstName>Pgke</FirstName>
    <LastName>Vqsdmy</LastName>
    <Email>Pgke_Vqsdmy@gmail.com</Email>
  </Contact>
  <Contact>
    <Id>95</Id>
    <FirstName>Xyzb</FirstName>
    <LastName>Yiauid</LastName>
    <Email>Xyzb_Yiauid@gmail.com</Email>
  </Contact>
  <Contact>
    <Id>96</Id>
    <FirstName>Kdof</FirstName>
    <LastName>Ymqinr</LastName>
    <Email>Kdof_Ymqinr@gmail.com</Email>
  </Contact>
  <Contact>
    <Id>97</Id>
    <FirstName>Rhkx</FirstName>
    <LastName>Uzstns</LastName>
    <Email>Rhkx_Uzstns@gmail.com</Email>
  </Contact>
  <Contact>
    <Id>98</Id>
    <FirstName>Acaj</FirstName>
    <LastName>Xprtti</LastName>
    <Email>Acaj_Xprtti@gmail.com</Email>
  </Contact>
  <Contact>
    <Id>99</Id>
    <FirstName>Hkuq</FirstName>
    <LastName>Nmsefi</LastName>
    <Email>Hkuq_Nmsefi@gmail.com</Email>
  </Contact>
  <Contact>
    <Id>100</Id>
    <FirstName>Ajqv</FirstName>
    <LastName>Hqnchy</LastName>
    <Email>Ajqv_Hqnchy@gmail.com</Email>
  </Contact>
  <Contact>
    <Id>101</Id>
    <FirstName>Pggp</FirstName>
    <LastName>Didehi</LastName>
    <Email>Pggp_Didehi@gmail.com</Email>
  </Contact>
  <Contact>
    <Id>102</Id>
    <FirstName>Uxpe</FirstName>
    <LastName>Jhnujh</LastName>
    <Email>Uxpe_Jhnujh@gmail.com</Email>
  </Contact>
  <Contact>
    <Id>103</Id>
    <FirstName>Hnoe</FirstName>
    <LastName>Sqlfch</LastName>
    <Email>Hnoe_Sqlfch@gmail.com</Email>
  </Contact>
  <Contact>
    <Id>104</Id>
    <FirstName>Cplu</FirstName>
    <LastName>Sademe</LastName>
    <Email>Cplu_Sademe@gmail.com</Email>
  </Contact>
  <Contact>
    <Id>105</Id>
    <FirstName>Inww</FirstName>
    <LastName>Ndullz</LastName>
    <Email>Inww_Ndullz@gmail.com</Email>
  </Contact>
  <Contact>
    <Id>106</Id>
    <FirstName>Dtsz</FirstName>
    <LastName>Rcscxm</LastName>
    <Email>Dtsz_Rcscxm@gmail.com</Email>
  </Contact>
  <Contact>
    <Id>107</Id>
    <FirstName>Wyca</FirstName>
    <LastName>Gflvmj</LastName>
    <Email>Wyca_Gflvmj@gmail.com</Email>
  </Contact>
  <Contact>
    <Id>108</Id>
    <FirstName>Eihe</FirstName>
    <LastName>Ztqsqo</LastName>
    <Email>Eihe_Ztqsqo@gmail.com</Email>
  </Contact>
  <Contact>
    <Id>109</Id>
    <FirstName>Wauc</FirstName>
    <LastName>Eiwlcq</LastName>
    <Email>Wauc_Eiwlcq@gmail.com</Email>
  </Contact>
  <Contact>
    <Id>110</Id>
    <FirstName>Hbha</FirstName>
    <LastName>Ikkwpi</LastName>
    <Email>Hbha_Ikkwpi@gmail.com</Email>
  </Contact>
  <Contact>
    <Id>111</Id>
    <FirstName>Rzyb</FirstName>
    <LastName>Vumnax</LastName>
    <Email>Rzyb_Vumnax@gmail.com</Email>
  </Contact>
  <Contact>
    <Id>112</Id>
    <FirstName>Lali</FirstName>
    <LastName>Qwdzwy</LastName>
    <Email>Lali_Qwdzwy@gmail.com</Email>
  </Contact>
  <Contact>
    <Id>113</Id>
    <FirstName>Izsw</FirstName>
    <LastName>Ccahwo</LastName>
    <Email>Izsw_Ccahwo@gmail.com</Email>
  </Contact>
  <Contact>
    <Id>114</Id>
    <FirstName>Juci</FirstName>
    <LastName>Xxbshj</LastName>
    <Email>Juci_Xxbshj@gmail.com</Email>
  </Contact>
  <Contact>
    <Id>115</Id>
    <FirstName>Wjle</FirstName>
    <LastName>Fhpyjm</LastName>
    <Email>Wjle_Fhpyjm@gmail.com</Email>
  </Contact>
  <Contact>
    <Id>116</Id>
    <FirstName>Gkzr</FirstName>
    <LastName>Zrgczs</LastName>
    <Email>Gkzr_Zrgczs@gmail.com</Email>
  </Contact>
  <Contact>
    <Id>117</Id>
    <FirstName>Tfqm</FirstName>
    <LastName>Oqxdlt</LastName>
    <Email>Tfqm_Oqxdlt@gmail.com</Email>
  </Contact>
  <Contact>
    <Id>118</Id>
    <FirstName>Ulsn</FirstName>
    <LastName>Bzonru</LastName>
    <Email>Ulsn_Bzonru@gmail.com</Email>
  </Contact>
  <Contact>
    <Id>119</Id>
    <FirstName>Ncxk</FirstName>
    <LastName>Hyulif</LastName>
    <Email>Ncxk_Hyulif@gmail.com</Email>
  </Contact>
  <Contact>
    <Id>120</Id>
    <FirstName>Qzto</FirstName>
    <LastName>Prsypo</LastName>
    <Email>Qzto_Prsypo@gmail.com</Email>
  </Contact>
  <Contact>
    <Id>121</Id>
    <FirstName>Jmnq</FirstName>
    <LastName>Rvsmpa</LastName>
    <Email>Jmnq_Rvsmpa@gmail.com</Email>
  </Contact>
  <Contact>
    <Id>122</Id>
    <FirstName>Ctle</FirstName>
    <LastName>Frhgeq</LastName>
    <Email>Ctle_Frhgeq@gmail.com</Email>
  </Contact>
  <Contact>
    <Id>123</Id>
    <FirstName>Vmuf</FirstName>
    <LastName>Cvsdxk</LastName>
    <Email>Vmuf_Cvsdxk@gmail.com</Email>
  </Contact>
  <Contact>
    <Id>124</Id>
    <FirstName>Hpxc</FirstName>
    <LastName>Lapgsl</LastName>
    <Email>Hpxc_Lapgsl@gmail.com</Email>
  </Contact>
  <Contact>
    <Id>125</Id>
    <FirstName>Fiwh</FirstName>
    <LastName>Cxnojy</LastName>
    <Email>Fiwh_Cxnojy@gmail.com</Email>
  </Contact>
  <Contact>
    <Id>126</Id>
    <FirstName>Jltz</FirstName>
    <LastName>Twshov</LastName>
    <Email>Jltz_Twshov@gmail.com</Email>
  </Contact>
  <Contact>
    <Id>127</Id>
    <FirstName>Dope</FirstName>
    <LastName>Tnvisf</LastName>
    <Email>Dope_Tnvisf@gmail.com</Email>
  </Contact>
  <Contact>
    <Id>128</Id>
    <FirstName>Cbnt</FirstName>
    <LastName>Knqmcf</LastName>
    <Email>Cbnt_Knqmcf@gmail.com</Email>
  </Contact>
  <Contact>
    <Id>129</Id>
    <FirstName>Hduz</FirstName>
    <LastName>Bvvyjp</LastName>
    <Email>Hduz_Bvvyjp@gmail.com</Email>
  </Contact>
  <Contact>
    <Id>130</Id>
    <FirstName>Ihsw</FirstName>
    <LastName>Irtrop</LastName>
    <Email>Ihsw_Irtrop@gmail.com</Email>
  </Contact>
  <Contact>
    <Id>131</Id>
    <FirstName>Cewe</FirstName>
    <LastName>Vhxaof</LastName>
    <Email>Cewe_Vhxaof@gmail.com</Email>
  </Contact>
  <Contact>
    <Id>132</Id>
    <FirstName>Gffi</FirstName>
    <LastName>Oauqdy</LastName>
    <Email>Gffi_Oauqdy@gmail.com</Email>
  </Contact>
  <Contact>
    <Id>133</Id>
    <FirstName>Rwzd</FirstName>
    <LastName>Wvjrkt</LastName>
    <Email>Rwzd_Wvjrkt@gmail.com</Email>
  </Contact>
  <Contact>
    <Id>134</Id>
    <FirstName>Uyyn</FirstName>
    <LastName>Dcgpdt</LastName>
    <Email>Uyyn_Dcgpdt@gmail.com</Email>
  </Contact>
  <Contact>
    <Id>135</Id>
    <FirstName>Xvjd</FirstName>
    <LastName>Iccjii</LastName>
    <Email>Xvjd_Iccjii@gmail.com</Email>
  </Contact>
  <Contact>
    <Id>136</Id>
    <FirstName>Wcnq</FirstName>
    <LastName>Yffsha</LastName>
    <Email>Wcnq_Yffsha@gmail.com</Email>
  </Contact>
  <Contact>
    <Id>137</Id>
    <FirstName>Ygqv</FirstName>
    <LastName>Lhhsel</LastName>
    <Email>Ygqv_Lhhsel@gmail.com</Email>
  </Contact>
  <Contact>
    <Id>138</Id>
    <FirstName>Temk</FirstName>
    <LastName>Avmvuu</LastName>
    <Email>Temk_Avmvuu@gmail.com</Email>
  </Contact>
  <Contact>
    <Id>139</Id>
    <FirstName>Tzic</FirstName>
    <LastName>Wrlioy</LastName>
    <Email>Tzic_Wrlioy@gmail.com</Email>
  </Contact>
  <Contact>
    <Id>140</Id>
    <FirstName>Xnic</FirstName>
    <LastName>Ureosb</LastName>
    <Email>Xnic_Ureosb@gmail.com</Email>
  </Contact>
  <Contact>
    <Id>141</Id>
    <FirstName>Vkex</FirstName>
    <LastName>Osqdpc</LastName>
    <Email>Vkex_Osqdpc@gmail.com</Email>
  </Contact>
  <Contact>
    <Id>142</Id>
    <FirstName>Sjxn</FirstName>
    <LastName>Hzyoyu</LastName>
    <Email>Sjxn_Hzyoyu@gmail.com</Email>
  </Contact>
  <Contact>
    <Id>143</Id>
    <FirstName>Wydg</FirstName>
    <LastName>Nfwkpj</LastName>
    <Email>Wydg_Nfwkpj@gmail.com</Email>
  </Contact>
  <Contact>
    <Id>144</Id>
    <FirstName>Rydt</FirstName>
    <LastName>Yjulne</LastName>
    <Email>Rydt_Yjulne@gmail.com</Email>
  </Contact>
  <Contact>
    <Id>145</Id>
    <FirstName>Bhsm</FirstName>
    <LastName>Fnpvvv</LastName>
    <Email>Bhsm_Fnpvvv@gmail.com</Email>
  </Contact>
  <Contact>
    <Id>146</Id>
    <FirstName>Sqqy</FirstName>
    <LastName>Fwgyjj</LastName>
    <Email>Sqqy_Fwgyjj@gmail.com</Email>
  </Contact>
  <Contact>
    <Id>147</Id>
    <FirstName>Vgng</FirstName>
    <LastName>Lugeoy</LastName>
    <Email>Vgng_Lugeoy@gmail.com</Email>
  </Contact>
  <Contact>
    <Id>148</Id>
    <FirstName>Emat</FirstName>
    <LastName>Togrba</LastName>
    <Email>Emat_Togrba@gmail.com</Email>
  </Contact>
  <Contact>
    <Id>149</Id>
    <FirstName>Pbou</FirstName>
    <LastName>Qaifoc</LastName>
    <Email>Pbou_Qaifoc@gmail.com</Email>
  </Contact>
  <Contact>
    <Id>150</Id>
    <FirstName>Cwbe</FirstName>
    <LastName>Jutmal</LastName>
    <Email>Cwbe_Jutmal@gmail.com</Email>
  </Contact>
  <Contact>
    <Id>151</Id>
    <FirstName>Hlhw</FirstName>
    <LastName>Qgpweq</LastName>
    <Email>Hlhw_Qgpweq@gmail.com</Email>
  </Contact>
  <Contact>
    <Id>152</Id>
    <FirstName>Poxj</FirstName>
    <LastName>Turtpk</LastName>
    <Email>Poxj_Turtpk@gmail.com</Email>
  </Contact>
  <Contact>
    <Id>153</Id>
    <FirstName>Mbql</FirstName>
    <LastName>Vilwky</LastName>
    <Email>Mbql_Vilwky@gmail.com</Email>
  </Contact>
  <Contact>
    <Id>154</Id>
    <FirstName>Vuqp</FirstName>
    <LastName>Teurek</LastName>
    <Email>Vuqp_Teurek@gmail.com</Email>
  </Contact>
  <Contact>
    <Id>155</Id>
    <FirstName>Lmay</FirstName>
    <LastName>Mnysko</LastName>
    <Email>Lmay_Mnysko@gmail.com</Email>
  </Contact>
  <Contact>
    <Id>156</Id>
    <FirstName>Dzwq</FirstName>
    <LastName>Yfvvbh</LastName>
    <Email>Dzwq_Yfvvbh@gmail.com</Email>
  </Contact>
  <Contact>
    <Id>157</Id>
    <FirstName>Utlg</FirstName>
    <LastName>Uvyhqp</LastName>
    <Email>Utlg_Uvyhqp@gmail.com</Email>
  </Contact>
  <Contact>
    <Id>158</Id>
    <FirstName>Azpf</FirstName>
    <LastName>Zaaszh</LastName>
    <Email>Azpf_Zaaszh@gmail.com</Email>
  </Contact>
  <Contact>
    <Id>159</Id>
    <FirstName>Ktmw</FirstName>
    <LastName>Uvxarn</LastName>
    <Email>Ktmw_Uvxarn@gmail.com</Email>
  </Contact>
  <Contact>
    <Id>160</Id>
    <FirstName>Iyqw</FirstName>
    <LastName>Praudq</LastName>
    <Email>Iyqw_Praudq@gmail.com</Email>
  </Contact>
  <Contact>
    <Id>161</Id>
    <FirstName>Prbu</FirstName>
    <LastName>Odkrqy</LastName>
    <Email>Prbu_Odkrqy@gmail.com</Email>
  </Contact>
  <Contact>
    <Id>162</Id>
    <FirstName>Fdwt</FirstName>
    <LastName>Xagplz</LastName>
    <Email>Fdwt_Xagplz@gmail.com</Email>
  </Contact>
  <Contact>
    <Id>163</Id>
    <FirstName>Yxpc</FirstName>
    <LastName>Gbisph</LastName>
    <Email>Yxpc_Gbisph@gmail.com</Email>
  </Contact>
  <Contact>
    <Id>164</Id>
    <FirstName>Zgoi</FirstName>
    <LastName>Ssrrhq</LastName>
    <Email>Zgoi_Ssrrhq@gmail.com</Email>
  </Contact>
  <Contact>
    <Id>165</Id>
    <FirstName>Lfjs</FirstName>
    <LastName>Hfcxzp</LastName>
    <Email>Lfjs_Hfcxzp@gmail.com</Email>
  </Contact>
  <Contact>
    <Id>166</Id>
    <FirstName>Llie</FirstName>
    <LastName>Srbyon</LastName>
    <Email>Llie_Srbyon@gmail.com</Email>
  </Contact>
  <Contact>
    <Id>167</Id>
    <FirstName>Vrcj</FirstName>
    <LastName>Yyooaf</LastName>
    <Email>Vrcj_Yyooaf@gmail.com</Email>
  </Contact>
  <Contact>
    <Id>168</Id>
    <FirstName>Jphu</FirstName>
    <LastName>Nsnxva</LastName>
    <Email>Jphu_Nsnxva@gmail.com</Email>
  </Contact>
  <Contact>
    <Id>169</Id>
    <FirstName>Zlta</FirstName>
    <LastName>Wnxkqa</LastName>
    <Email>Zlta_Wnxkqa@gmail.com</Email>
  </Contact>
  <Contact>
    <Id>170</Id>
    <FirstName>Qsdu</FirstName>
    <LastName>Vudati</LastName>
    <Email>Qsdu_Vudati@gmail.com</Email>
  </Contact>
  <Contact>
    <Id>171</Id>
    <FirstName>Rowu</FirstName>
    <LastName>Fveoqz</LastName>
    <Email>Rowu_Fveoqz@gmail.com</Email>
  </Contact>
  <Contact>
    <Id>172</Id>
    <FirstName>Dedn</FirstName>
    <LastName>Nkxcml</LastName>
    <Email>Dedn_Nkxcml@gmail.com</Email>
  </Contact>
  <Contact>
    <Id>173</Id>
    <FirstName>Aexz</FirstName>
    <LastName>Oqmnyt</LastName>
    <Email>Aexz_Oqmnyt@gmail.com</Email>
  </Contact>
  <Contact>
    <Id>174</Id>
    <FirstName>Pndm</FirstName>
    <LastName>Jlozub</LastName>
    <Email>Pndm_Jlozub@gmail.com</Email>
  </Contact>
  <Contact>
    <Id>175</Id>
    <FirstName>Jjtr</FirstName>
    <LastName>Wmppgl</LastName>
    <Email>Jjtr_Wmppgl@gmail.com</Email>
  </Contact>
  <Contact>
    <Id>176</Id>
    <FirstName>Wbni</FirstName>
    <LastName>Hmqxfp</LastName>
    <Email>Wbni_Hmqxfp@gmail.com</Email>
  </Contact>
  <Contact>
    <Id>177</Id>
    <FirstName>Irpx</FirstName>
    <LastName>Jqardc</LastName>
    <Email>Irpx_Jqardc@gmail.com</Email>
  </Contact>
  <Contact>
    <Id>178</Id>
    <FirstName>Wyhl</FirstName>
    <LastName>Brlgdc</LastName>
    <Email>Wyhl_Brlgdc@gmail.com</Email>
  </Contact>
  <Contact>
    <Id>179</Id>
    <FirstName>Bwgn</FirstName>
    <LastName>Wozuex</LastName>
    <Email>Bwgn_Wozuex@gmail.com</Email>
  </Contact>
  <Contact>
    <Id>180</Id>
    <FirstName>Uqtf</FirstName>
    <LastName>Ssuvhg</LastName>
    <Email>Uqtf_Ssuvhg@gmail.com</Email>
  </Contact>
  <Contact>
    <Id>181</Id>
    <FirstName>Lxme</FirstName>
    <LastName>Oytchq</LastName>
    <Email>Lxme_Oytchq@gmail.com</Email>
  </Contact>
  <Contact>
    <Id>182</Id>
    <FirstName>Bjtd</FirstName>
    <LastName>Nmkbav</LastName>
    <Email>Bjtd_Nmkbav@gmail.com</Email>
  </Contact>
  <Contact>
    <Id>183</Id>
    <FirstName>Rgmf</FirstName>
    <LastName>Hfecti</LastName>
    <Email>Rgmf_Hfecti@gmail.com</Email>
  </Contact>
  <Contact>
    <Id>184</Id>
    <FirstName>Wpzw</FirstName>
    <LastName>Qdjbyy</LastName>
    <Email>Wpzw_Qdjbyy@gmail.com</Email>
  </Contact>
  <Contact>
    <Id>185</Id>
    <FirstName>Vxnn</FirstName>
    <LastName>Wkxqrf</LastName>
    <Email>Vxnn_Wkxqrf@gmail.com</Email>
  </Contact>
  <Contact>
    <Id>186</Id>
    <FirstName>Htvl</FirstName>
    <LastName>Oflgwj</LastName>
    <Email>Htvl_Oflgwj@gmail.com</Email>
  </Contact>
  <Contact>
    <Id>187</Id>
    <FirstName>Uqiy</FirstName>
    <LastName>Ulkwmk</LastName>
    <Email>Uqiy_Ulkwmk@gmail.com</Email>
  </Contact>
  <Contact>
    <Id>188</Id>
    <FirstName>Cicc</FirstName>
    <LastName>Ztsyjw</LastName>
    <Email>Cicc_Ztsyjw@gmail.com</Email>
  </Contact>
  <Contact>
    <Id>189</Id>
    <FirstName>Ioln</FirstName>
    <LastName>Actnil</LastName>
    <Email>Ioln_Actnil@gmail.com</Email>
  </Contact>
  <Contact>
    <Id>190</Id>
    <FirstName>Sdfp</FirstName>
    <LastName>Eeootk</LastName>
    <Email>Sdfp_Eeootk@gmail.com</Email>
  </Contact>
  <Contact>
    <Id>191</Id>
    <FirstName>Aadg</FirstName>
    <LastName>Dyqtlu</LastName>
    <Email>Aadg_Dyqtlu@gmail.com</Email>
  </Contact>
  <Contact>
    <Id>192</Id>
    <FirstName>Mmxz</FirstName>
    <LastName>Bffuxr</LastName>
    <Email>Mmxz_Bffuxr@gmail.com</Email>
  </Contact>
  <Contact>
    <Id>193</Id>
    <FirstName>Rxoa</FirstName>
    <LastName>Szdnxv</LastName>
    <Email>Rxoa_Szdnxv@gmail.com</Email>
  </Contact>
  <Contact>
    <Id>194</Id>
    <FirstName>Fdfy</FirstName>
    <LastName>Wikekc</LastName>
    <Email>Fdfy_Wikekc@gmail.com</Email>
  </Contact>
  <Contact>
    <Id>195</Id>
    <FirstName>Mabn</FirstName>
    <LastName>Zfffny</LastName>
    <Email>Mabn_Zfffny@gmail.com</Email>
  </Contact>
  <Contact>
    <Id>196</Id>
    <FirstName>Ztrb</FirstName>
    <LastName>Tdlcoe</LastName>
    <Email>Ztrb_Tdlcoe@gmail.com</Email>
  </Contact>
  <Contact>
    <Id>197</Id>
    <FirstName>Vcvq</FirstName>
    <LastName>Pigzdt</LastName>
    <Email>Vcvq_Pigzdt@gmail.com</Email>
  </Contact>
  <Contact>
    <Id>198</Id>
    <FirstName>Uakv</FirstName>
    <LastName>Frvbam</LastName>
    <Email>Uakv_Frvbam@gmail.com</Email>
  </Contact>
  <Contact>
    <Id>199</Id>
    <FirstName>Tyay</FirstName>
    <LastName>Vlmeft</LastName>
    <Email>Tyay_Vlmeft@gmail.com</Email>
  </Contact>
  <Contact>
    <Id>200</Id>
    <FirstName>Wipg</FirstName>
    <LastName>Gjekxr</LastName>
    <Email>Wipg_Gjekxr@gmail.com</Email>
  </Contact>
  <Contact>
    <Id>201</Id>
    <FirstName>Zgbu</FirstName>
    <LastName>Eyjvwc</LastName>
    <Email>Zgbu_Eyjvwc@gmail.com</Email>
  </Contact>
  <Contact>
    <Id>202</Id>
    <FirstName>Hjbc</FirstName>
    <LastName>Kwcwve</LastName>
    <Email>Hjbc_Kwcwve@gmail.com</Email>
  </Contact>
  <Contact>
    <Id>203</Id>
    <FirstName>Wcuk</FirstName>
    <LastName>Wmldov</LastName>
    <Email>Wcuk_Wmldov@gmail.com</Email>
  </Contact>
  <Contact>
    <Id>204</Id>
    <FirstName>Mlej</FirstName>
    <LastName>Mnxfuw</LastName>
    <Email>Mlej_Mnxfuw@gmail.com</Email>
  </Contact>
  <Contact>
    <Id>205</Id>
    <FirstName>Bqhc</FirstName>
    <LastName>Lngnwk</LastName>
    <Email>Bqhc_Lngnwk@gmail.com</Email>
  </Contact>
  <Contact>
    <Id>206</Id>
    <FirstName>Hhpt</FirstName>
    <LastName>Vwlryr</LastName>
    <Email>Hhpt_Vwlryr@gmail.com</Email>
  </Contact>
  <Contact>
    <Id>207</Id>
    <FirstName>Nfhb</FirstName>
    <LastName>Pwfspw</LastName>
    <Email>Nfhb_Pwfspw@gmail.com</Email>
  </Contact>
  <Contact>
    <Id>208</Id>
    <FirstName>Zxby</FirstName>
    <LastName>Cfvryi</LastName>
    <Email>Zxby_Cfvryi@gmail.com</Email>
  </Contact>
  <Contact>
    <Id>209</Id>
    <FirstName>Fxhd</FirstName>
    <LastName>Nevloq</LastName>
    <Email>Fxhd_Nevloq@gmail.com</Email>
  </Contact>
  <Contact>
    <Id>210</Id>
    <FirstName>Bghd</FirstName>
    <LastName>Jvjfnp</LastName>
    <Email>Bghd_Jvjfnp@gmail.com</Email>
  </Contact>
  <Contact>
    <Id>211</Id>
    <FirstName>Ioxz</FirstName>
    <LastName>Lkfqqp</LastName>
    <Email>Ioxz_Lkfqqp@gmail.com</Email>
  </Contact>
  <Contact>
    <Id>212</Id>
    <FirstName>Busp</FirstName>
    <LastName>Lpydnk</LastName>
    <Email>Busp_Lpydnk@gmail.com</Email>
  </Contact>
  <Contact>
    <Id>213</Id>
    <FirstName>Atdz</FirstName>
    <LastName>Uspyph</LastName>
    <Email>Atdz_Uspyph@gmail.com</Email>
  </Contact>
  <Contact>
    <Id>214</Id>
    <FirstName>Vpdj</FirstName>
    <LastName>Arzisd</LastName>
    <Email>Vpdj_Arzisd@gmail.com</Email>
  </Contact>
  <Contact>
    <Id>215</Id>
    <FirstName>Yfuy</FirstName>
    <LastName>Ohnrrt</LastName>
    <Email>Yfuy_Ohnrrt@gmail.com</Email>
  </Contact>
  <Contact>
    <Id>216</Id>
    <FirstName>Xgsc</FirstName>
    <LastName>Oolyes</LastName>
    <Email>Xgsc_Oolyes@gmail.com</Email>
  </Contact>
  <Contact>
    <Id>217</Id>
    <FirstName>Uhbj</FirstName>
    <LastName>Tmqipu</LastName>
    <Email>Uhbj_Tmqipu@gmail.com</Email>
  </Contact>
  <Contact>
    <Id>218</Id>
    <FirstName>Pqkk</FirstName>
    <LastName>Lvzekn</LastName>
    <Email>Pqkk_Lvzekn@gmail.com</Email>
  </Contact>
  <Contact>
    <Id>219</Id>
    <FirstName>Eyhw</FirstName>
    <LastName>Jpxbul</LastName>
    <Email>Eyhw_Jpxbul@gmail.com</Email>
  </Contact>
  <Contact>
    <Id>220</Id>
    <FirstName>Gbdz</FirstName>
    <LastName>Irdlfc</LastName>
    <Email>Gbdz_Irdlfc@gmail.com</Email>
  </Contact>
  <Contact>
    <Id>221</Id>
    <FirstName>Rfbx</FirstName>
    <LastName>Dhvhqt</LastName>
    <Email>Rfbx_Dhvhqt@gmail.com</Email>
  </Contact>
  <Contact>
    <Id>222</Id>
    <FirstName>Pgnr</FirstName>
    <LastName>Ovzfze</LastName>
    <Email>Pgnr_Ovzfze@gmail.com</Email>
  </Contact>
  <Contact>
    <Id>223</Id>
    <FirstName>Opoe</FirstName>
    <LastName>Nomlbu</LastName>
    <Email>Opoe_Nomlbu@gmail.com</Email>
  </Contact>
  <Contact>
    <Id>224</Id>
    <FirstName>Rozi</FirstName>
    <LastName>Vzwksc</LastName>
    <Email>Rozi_Vzwksc@gmail.com</Email>
  </Contact>
  <Contact>
    <Id>225</Id>
    <FirstName>Upka</FirstName>
    <LastName>Wznmlm</LastName>
    <Email>Upka_Wznmlm@gmail.com</Email>
  </Contact>
  <Contact>
    <Id>226</Id>
    <FirstName>Syla</FirstName>
    <LastName>Nbqxjp</LastName>
    <Email>Syla_Nbqxjp@gmail.com</Email>
  </Contact>
  <Contact>
    <Id>227</Id>
    <FirstName>Ujgw</FirstName>
    <LastName>Cbhfvo</LastName>
    <Email>Ujgw_Cbhfvo@gmail.com</Email>
  </Contact>
  <Contact>
    <Id>228</Id>
    <FirstName>Zpmx</FirstName>
    <LastName>Jzenho</LastName>
    <Email>Zpmx_Jzenho@gmail.com</Email>
  </Contact>
  <Contact>
    <Id>229</Id>
    <FirstName>Aaao</FirstName>
    <LastName>Bscyut</LastName>
    <Email>Aaao_Bscyut@gmail.com</Email>
  </Contact>
  <Contact>
    <Id>230</Id>
    <FirstName>Izbd</FirstName>
    <LastName>Hkjnyv</LastName>
    <Email>Izbd_Hkjnyv@gmail.com</Email>
  </Contact>
  <Contact>
    <Id>231</Id>
    <FirstName>Siqx</FirstName>
    <LastName>Ndloqo</LastName>
    <Email>Siqx_Ndloqo@gmail.com</Email>
  </Contact>
  <Contact>
    <Id>232</Id>
    <FirstName>Xdpu</FirstName>
    <LastName>Oujruj</LastName>
    <Email>Xdpu_Oujruj@gmail.com</Email>
  </Contact>
  <Contact>
    <Id>233</Id>
    <FirstName>Yilb</FirstName>
    <LastName>Fznjpz</LastName>
    <Email>Yilb_Fznjpz@gmail.com</Email>
  </Contact>
  <Contact>
    <Id>234</Id>
    <FirstName>Prom</FirstName>
    <LastName>Vskday</LastName>
    <Email>Prom_Vskday@gmail.com</Email>
  </Contact>
  <Contact>
    <Id>235</Id>
    <FirstName>Gnhf</FirstName>
    <LastName>Wfjgpn</LastName>
    <Email>Gnhf_Wfjgpn@gmail.com</Email>
  </Contact>
  <Contact>
    <Id>236</Id>
    <FirstName>Arso</FirstName>
    <LastName>Wjxoro</LastName>
    <Email>Arso_Wjxoro@gmail.com</Email>
  </Contact>
  <Contact>
    <Id>237</Id>
    <FirstName>Pczr</FirstName>
    <LastName>Yfoczw</LastName>
    <Email>Pczr_Yfoczw@gmail.com</Email>
  </Contact>
  <Contact>
    <Id>238</Id>
    <FirstName>Kgrw</FirstName>
    <LastName>Ckbfea</LastName>
    <Email>Kgrw_Ckbfea@gmail.com</Email>
  </Contact>
  <Contact>
    <Id>239</Id>
    <FirstName>Phuc</FirstName>
    <LastName>Yyyzql</LastName>
    <Email>Phuc_Yyyzql@gmail.com</Email>
  </Contact>
  <Contact>
    <Id>240</Id>
    <FirstName>Vvlm</FirstName>
    <LastName>Jdophr</LastName>
    <Email>Vvlm_Jdophr@gmail.com</Email>
  </Contact>
  <Contact>
    <Id>241</Id>
    <FirstName>Qggs</FirstName>
    <LastName>Cuzwml</LastName>
    <Email>Qggs_Cuzwml@gmail.com</Email>
  </Contact>
  <Contact>
    <Id>242</Id>
    <FirstName>Irjq</FirstName>
    <LastName>Yhiwsa</LastName>
    <Email>Irjq_Yhiwsa@gmail.com</Email>
  </Contact>
  <Contact>
    <Id>243</Id>
    <FirstName>Homn</FirstName>
    <LastName>Aoufmy</LastName>
    <Email>Homn_Aoufmy@gmail.com</Email>
  </Contact>
  <Contact>
    <Id>244</Id>
    <FirstName>Vlyn</FirstName>
    <LastName>Kjabze</LastName>
    <Email>Vlyn_Kjabze@gmail.com</Email>
  </Contact>
  <Contact>
    <Id>245</Id>
    <FirstName>Ybne</FirstName>
    <LastName>Ddlvoc</LastName>
    <Email>Ybne_Ddlvoc@gmail.com</Email>
  </Contact>
  <Contact>
    <Id>246</Id>
    <FirstName>Usxh</FirstName>
    <LastName>Jbttrn</LastName>
    <Email>Usxh_Jbttrn@gmail.com</Email>
  </Contact>
  <Contact>
    <Id>247</Id>
    <FirstName>Zukn</FirstName>
    <LastName>Qxtvgp</LastName>
    <Email>Zukn_Qxtvgp@gmail.com</Email>
  </Contact>
  <Contact>
    <Id>248</Id>
    <FirstName>Ghwo</FirstName>
    <LastName>Bfaikx</LastName>
    <Email>Ghwo_Bfaikx@gmail.com</Email>
  </Contact>
  <Contact>
    <Id>249</Id>
    <FirstName>Dzqk</FirstName>
    <LastName>Ddorei</LastName>
    <Email>Dzqk_Ddorei@gmail.com</Email>
  </Contact>
  <Contact>
    <Id>250</Id>
    <FirstName>Phjl</FirstName>
    <LastName>Fdraof</LastName>
    <Email>Phjl_Fdraof@gmail.com</Email>
  </Contact>
  <Contact>
    <Id>251</Id>
    <FirstName>Jqoy</FirstName>
    <LastName>Vnvife</LastName>
    <Email>Jqoy_Vnvife@gmail.com</Email>
  </Contact>
  <Contact>
    <Id>252</Id>
    <FirstName>Aliu</FirstName>
    <LastName>Kzdajm</LastName>
    <Email>Aliu_Kzdajm@gmail.com</Email>
  </Contact>
  <Contact>
    <Id>253</Id>
    <FirstName>Jcry</FirstName>
    <LastName>Azylix</LastName>
    <Email>Jcry_Azylix@gmail.com</Email>
  </Contact>
  <Contact>
    <Id>254</Id>
    <FirstName>Oauf</FirstName>
    <LastName>Nnksoq</LastName>
    <Email>Oauf_Nnksoq@gmail.com</Email>
  </Contact>
  <Contact>
    <Id>255</Id>
    <FirstName>Ifla</FirstName>
    <LastName>Hdzoag</LastName>
    <Email>Ifla_Hdzoag@gmail.com</Email>
  </Contact>
  <Contact>
    <Id>256</Id>
    <FirstName>Zqqb</FirstName>
    <LastName>Whyqyw</LastName>
    <Email>Zqqb_Whyqyw@gmail.com</Email>
  </Contact>
  <Contact>
    <Id>257</Id>
    <FirstName>Okai</FirstName>
    <LastName>Pzqdhx</LastName>
    <Email>Okai_Pzqdhx@gmail.com</Email>
  </Contact>
  <Contact>
    <Id>258</Id>
    <FirstName>Ollt</FirstName>
    <LastName>Eerrqw</LastName>
    <Email>Ollt_Eerrqw@gmail.com</Email>
  </Contact>
  <Contact>
    <Id>259</Id>
    <FirstName>Ajkc</FirstName>
    <LastName>Xxktig</LastName>
    <Email>Ajkc_Xxktig@gmail.com</Email>
  </Contact>
  <Contact>
    <Id>260</Id>
    <FirstName>Outs</FirstName>
    <LastName>Cxfdkh</LastName>
    <Email>Outs_Cxfdkh@gmail.com</Email>
  </Contact>
  <Contact>
    <Id>261</Id>
    <FirstName>Nvhd</FirstName>
    <LastName>Rofxws</LastName>
    <Email>Nvhd_Rofxws@gmail.com</Email>
  </Contact>
  <Contact>
    <Id>262</Id>
    <FirstName>Qhzc</FirstName>
    <LastName>Weaxks</LastName>
    <Email>Qhzc_Weaxks@gmail.com</Email>
  </Contact>
  <Contact>
    <Id>263</Id>
    <FirstName>Pxua</FirstName>
    <LastName>Jtstrg</LastName>
    <Email>Pxua_Jtstrg@gmail.com</Email>
  </Contact>
  <Contact>
    <Id>264</Id>
    <FirstName>Yngj</FirstName>
    <LastName>Iecgkj</LastName>
    <Email>Yngj_Iecgkj@gmail.com</Email>
  </Contact>
  <Contact>
    <Id>265</Id>
    <FirstName>Snwq</FirstName>
    <LastName>Phurvx</LastName>
    <Email>Snwq_Phurvx@gmail.com</Email>
  </Contact>
  <Contact>
    <Id>266</Id>
    <FirstName>Xhsr</FirstName>
    <LastName>Sqbgtx</LastName>
    <Email>Xhsr_Sqbgtx@gmail.com</Email>
  </Contact>
  <Contact>
    <Id>267</Id>
    <FirstName>Vlgp</FirstName>
    <LastName>Tcaqtr</LastName>
    <Email>Vlgp_Tcaqtr@gmail.com</Email>
  </Contact>
  <Contact>
    <Id>268</Id>
    <FirstName>Ctmb</FirstName>
    <LastName>Abadlb</LastName>
    <Email>ericpkatz@gmail.com</Email>
    <LuckyNumber>9</LuckyNumber>
  </Contact>
  <Contact>
    <Id>269</Id>
    <FirstName>Ybyt</FirstName>
    <LastName>Jrvprs</LastName>
    <Email>Ybyt_Jrvprs@gmail.com</Email>
  </Contact>
  <Contact>
    <Id>270</Id>
    <FirstName>Cvnn</FirstName>
    <LastName>Nhhgxn</LastName>
    <Email>Cvnn_Nhhgxn@gmail.com</Email>
  </Contact>
  <Contact>
    <Id>271</Id>
    <FirstName>Hexd</FirstName>
    <LastName>Vevrrq</LastName>
    <Email>Hexd_Vevrrq@gmail.com</Email>
  </Contact>
  <Contact>
    <Id>272</Id>
    <FirstName>Pyvs</FirstName>
    <LastName>Yunmgc</LastName>
    <Email>Pyvs_Yunmgc@gmail.com</Email>
  </Contact>
  <Contact>
    <Id>273</Id>
    <FirstName>Hlyb</FirstName>
    <LastName>Pggznt</LastName>
    <Email>Hlyb_Pggznt@gmail.com</Email>
  </Contact>
  <Contact>
    <Id>274</Id>
    <FirstName>Tufx</FirstName>
    <LastName>Uuduyf</LastName>
    <Email>Tufx_Uuduyf@gmail.com</Email>
  </Contact>
  <Contact>
    <Id>275</Id>
    <FirstName>Wdxa</FirstName>
    <LastName>Ceauot</LastName>
    <Email>Wdxa_Ceauot@gmail.com</Email>
  </Contact>
  <Contact>
    <Id>276</Id>
    <FirstName>Tvav</FirstName>
    <LastName>Fwgwoo</LastName>
    <Email>Tvav_Fwgwoo@gmail.com</Email>
  </Contact>
  <Contact>
    <Id>277</Id>
    <FirstName>Xvey</FirstName>
    <LastName>Wvsxxe</LastName>
    <Email>Xvey_Wvsxxe@gmail.com</Email>
  </Contact>
  <Contact>
    <Id>278</Id>
    <FirstName>Qsnb</FirstName>
    <LastName>Fenxyk</LastName>
    <Email>Qsnb_Fenxyk@gmail.com</Email>
  </Contact>
  <Contact>
    <Id>279</Id>
    <FirstName>Fllt</FirstName>
    <LastName>Zyukry</LastName>
    <Email>Fllt_Zyukry@gmail.com</Email>
  </Contact>
  <Contact>
    <Id>280</Id>
    <FirstName>Nhfj</FirstName>
    <LastName>Hayzeh</LastName>
    <Email>Nhfj_Hayzeh@gmail.com</Email>
  </Contact>
  <Contact>
    <Id>281</Id>
    <FirstName>Mcxj</FirstName>
    <LastName>Cbhypb</LastName>
    <Email>Mcxj_Cbhypb@gmail.com</Email>
  </Contact>
  <Contact>
    <Id>282</Id>
    <FirstName>Iixe</FirstName>
    <LastName>Jmkkyx</LastName>
    <Email>Iixe_Jmkkyx@gmail.com</Email>
  </Contact>
  <Contact>
    <Id>283</Id>
    <FirstName>Ahfz</FirstName>
    <LastName>Qjnetf</LastName>
    <Email>Ahfz_Qjnetf@gmail.com</Email>
  </Contact>
  <Contact>
    <Id>284</Id>
    <FirstName>Fotq</FirstName>
    <LastName>Xdobry</LastName>
    <Email>Fotq_Xdobry@gmail.com</Email>
  </Contact>
  <Contact>
    <Id>285</Id>
    <FirstName>Rvuq</FirstName>
    <LastName>Pfjbau</LastName>
    <Email>Rvuq_Pfjbau@gmail.com</Email>
  </Contact>
  <Contact>
    <Id>286</Id>
    <FirstName>Qoag</FirstName>
    <LastName>Gfwxst</LastName>
    <Email>Qoag_Gfwxst@gmail.com</Email>
  </Contact>
  <Contact>
    <Id>287</Id>
    <FirstName>Ncek</FirstName>
    <LastName>Wuohhf</LastName>
    <Email>Ncek_Wuohhf@gmail.com</Email>
  </Contact>
  <Contact>
    <Id>288</Id>
    <FirstName>Yita</FirstName>
    <LastName>Gfmpjl</LastName>
    <Email>Yita_Gfmpjl@gmail.com</Email>
  </Contact>
  <Contact>
    <Id>289</Id>
    <FirstName>Zmez</FirstName>
    <LastName>Oqonjs</LastName>
    <Email>Zmez_Oqonjs@gmail.com</Email>
  </Contact>
  <Contact>
    <Id>290</Id>
    <FirstName>Gqjy</FirstName>
    <LastName>Koqktv</LastName>
    <Email>Gqjy_Koqktv@gmail.com</Email>
  </Contact>
  <Contact>
    <Id>291</Id>
    <FirstName>Rcuu</FirstName>
    <LastName>Wiuzzb</LastName>
    <Email>Rcuu_Wiuzzb@gmail.com</Email>
  </Contact>
  <Contact>
    <Id>292</Id>
    <FirstName>Shnh</FirstName>
    <LastName>Tbyfwf</LastName>
    <Email>Shnh_Tbyfwf@gmail.com</Email>
  </Contact>
  <Contact>
    <Id>293</Id>
    <FirstName>Faxo</FirstName>
    <LastName>Zhyvqr</LastName>
    <Email>Faxo_Zhyvqr@gmail.com</Email>
  </Contact>
  <Contact>
    <Id>294</Id>
    <FirstName>Ocwo</FirstName>
    <LastName>Uxrjcf</LastName>
    <Email>Ocwo_Uxrjcf@gmail.com</Email>
  </Contact>
  <Contact>
    <Id>295</Id>
    <FirstName>Wooi</FirstName>
    <LastName>Zyccei</LastName>
    <Email>Wooi_Zyccei@gmail.com</Email>
  </Contact>
  <Contact>
    <Id>296</Id>
    <FirstName>Pkon</FirstName>
    <LastName>Pqefuo</LastName>
    <Email>Pkon_Pqefuo@gmail.com</Email>
  </Contact>
  <Contact>
    <Id>297</Id>
    <FirstName>Kzjh</FirstName>
    <LastName>Mqlzmw</LastName>
    <Email>Kzjh_Mqlzmw@gmail.com</Email>
  </Contact>
  <Contact>
    <Id>298</Id>
    <FirstName>Jpcq</FirstName>
    <LastName>Jqmpoa</LastName>
    <Email>Jpcq_Jqmpoa@gmail.com</Email>
  </Contact>
  <Contact>
    <Id>299</Id>
    <FirstName>Fwrh</FirstName>
    <LastName>Cdniyd</LastName>
    <Email>Fwrh_Cdniyd@gmail.com</Email>
  </Contact>
  <Contact>
    <Id>300</Id>
    <FirstName>Tmoo</FirstName>
    <LastName>Vwfgvj</LastName>
    <Email>Tmoo_Vwfgvj@gmail.com</Email>
  </Contact>
  <Contact>
    <Id>301</Id>
    <FirstName>Ndph</FirstName>
    <LastName>Yaiyez</LastName>
    <Email>Ndph_Yaiyez@gmail.com</Email>
  </Contact>
  <Contact>
    <Id>302</Id>
    <FirstName>Eoqt</FirstName>
    <LastName>Joibfi</LastName>
    <Email>Eoqt_Joibfi@gmail.com</Email>
  </Contact>
  <Contact>
    <Id>303</Id>
    <FirstName>Cdbj</FirstName>
    <LastName>Dxaovn</LastName>
    <Email>Cdbj_Dxaovn@gmail.com</Email>
  </Contact>
  <Contact>
    <Id>304</Id>
    <FirstName>Lfuf</FirstName>
    <LastName>Nbgjib</LastName>
    <Email>Lfuf_Nbgjib@gmail.com</Email>
  </Contact>
  <Contact>
    <Id>305</Id>
    <FirstName>Vpdz</FirstName>
    <LastName>Yevufh</LastName>
    <Email>Vpdz_Yevufh@gmail.com</Email>
  </Contact>
  <Contact>
    <Id>306</Id>
    <FirstName>Oebm</FirstName>
    <LastName>Gkcgeb</LastName>
    <Email>Oebm_Gkcgeb@gmail.com</Email>
  </Contact>
  <Contact>
    <Id>307</Id>
    <FirstName>Audr</FirstName>
    <LastName>Nytlgh</LastName>
    <Email>Audr_Nytlgh@gmail.com</Email>
  </Contact>
  <Contact>
    <Id>308</Id>
    <FirstName>Hzsd</FirstName>
    <LastName>Nnzbky</LastName>
    <Email>Hzsd_Nnzbky@gmail.com</Email>
  </Contact>
  <Contact>
    <Id>309</Id>
    <FirstName>Bfjn</FirstName>
    <LastName>Yheiyc</LastName>
    <Email>Bfjn_Yheiyc@gmail.com</Email>
  </Contact>
  <Contact>
    <Id>310</Id>
    <FirstName>Zaeh</FirstName>
    <LastName>Bbmmlz</LastName>
    <Email>Zaeh_Bbmmlz@gmail.com</Email>
  </Contact>
  <Contact>
    <Id>311</Id>
    <FirstName>Kkox</FirstName>
    <LastName>Zolxzt</LastName>
    <Email>Kkox_Zolxzt@gmail.com</Email>
  </Contact>
  <Contact>
    <Id>312</Id>
    <FirstName>Lavf</FirstName>
    <LastName>Aukpsg</LastName>
    <Email>Lavf_Aukpsg@gmail.com</Email>
  </Contact>
  <Contact>
    <Id>313</Id>
    <FirstName>Ulmd</FirstName>
    <LastName>Ihulcl</LastName>
    <Email>Ulmd_Ihulcl@gmail.com</Email>
  </Contact>
  <Contact>
    <Id>314</Id>
    <FirstName>Amqk</FirstName>
    <LastName>Nqqlok</LastName>
    <Email>Amqk_Nqqlok@gmail.com</Email>
  </Contact>
  <Contact>
    <Id>315</Id>
    <FirstName>Vhje</FirstName>
    <LastName>Ryeyhh</LastName>
    <Email>Vhje_Ryeyhh@gmail.com</Email>
  </Contact>
  <Contact>
    <Id>316</Id>
    <FirstName>Qxue</FirstName>
    <LastName>Fzxlpr</LastName>
    <Email>Qxue_Fzxlpr@gmail.com</Email>
  </Contact>
  <Contact>
    <Id>317</Id>
    <FirstName>Uavn</FirstName>
    <LastName>Tykkrj</LastName>
    <Email>Uavn_Tykkrj@gmail.com</Email>
  </Contact>
  <Contact>
    <Id>318</Id>
    <FirstName>Dzai</FirstName>
    <LastName>Kncilj</LastName>
    <Email>Dzai_Kncilj@gmail.com</Email>
  </Contact>
  <Contact>
    <Id>319</Id>
    <FirstName>Cvev</FirstName>
    <LastName>Vdslfo</LastName>
    <Email>Cvev_Vdslfo@gmail.com</Email>
  </Contact>
  <Contact>
    <Id>320</Id>
    <FirstName>Sfww</FirstName>
    <LastName>Pvlvlt</LastName>
    <Email>Sfww_Pvlvlt@gmail.com</Email>
  </Contact>
  <Contact>
    <Id>321</Id>
    <FirstName>Otgx</FirstName>
    <LastName>Drwlur</LastName>
    <Email>Otgx_Drwlur@gmail.com</Email>
  </Contact>
  <Contact>
    <Id>322</Id>
    <FirstName>Wpzf</FirstName>
    <LastName>Pyvasq</LastName>
    <Email>Wpzf_Pyvasq@gmail.com</Email>
  </Contact>
  <Contact>
    <Id>323</Id>
    <FirstName>Fyfd</FirstName>
    <LastName>Rxceso</LastName>
    <Email>Fyfd_Rxceso@gmail.com</Email>
  </Contact>
  <Contact>
    <Id>324</Id>
    <FirstName>Bgws</FirstName>
    <LastName>Viogrd</LastName>
    <Email>Bgws_Viogrd@gmail.com</Email>
  </Contact>
  <Contact>
    <Id>325</Id>
    <FirstName>Ggrn</FirstName>
    <LastName>Rcgrhr</LastName>
    <Email>Ggrn_Rcgrhr@gmail.com</Email>
  </Contact>
  <Contact>
    <Id>326</Id>
    <FirstName>Aldv</FirstName>
    <LastName>Npodgg</LastName>
    <Email>Aldv_Npodgg@gmail.com</Email>
  </Contact>
  <Contact>
    <Id>327</Id>
    <FirstName>Ostf</FirstName>
    <LastName>Qptgjg</LastName>
    <Email>Ostf_Qptgjg@gmail.com</Email>
  </Contact>
  <Contact>
    <Id>328</Id>
    <FirstName>Joio</FirstName>
    <LastName>Jzhslo</LastName>
    <Email>Joio_Jzhslo@gmail.com</Email>
  </Contact>
  <Contact>
    <Id>329</Id>
    <FirstName>Rlwa</FirstName>
    <LastName>Opdbfg</LastName>
    <Email>Rlwa_Opdbfg@gmail.com</Email>
  </Contact>
  <Contact>
    <Id>330</Id>
    <FirstName>Ulal</FirstName>
    <LastName>Pnnmxb</LastName>
    <Email>Ulal_Pnnmxb@gmail.com</Email>
  </Contact>
  <Contact>
    <Id>331</Id>
    <FirstName>Jzha</FirstName>
    <LastName>Hldolo</LastName>
    <Email>Jzha_Hldolo@gmail.com</Email>
  </Contact>
  <Contact>
    <Id>332</Id>
    <FirstName>Hwss</FirstName>
    <LastName>Odvsqa</LastName>
    <Email>Hwss_Odvsqa@gmail.com</Email>
  </Contact>
  <Contact>
    <Id>333</Id>
    <FirstName>Msbd</FirstName>
    <LastName>Myoxzw</LastName>
    <Email>Msbd_Myoxzw@gmail.com</Email>
  </Contact>
  <Contact>
    <Id>334</Id>
    <FirstName>Mvvj</FirstName>
    <LastName>Erdwtd</LastName>
    <Email>Mvvj_Erdwtd@gmail.com</Email>
  </Contact>
  <Contact>
    <Id>335</Id>
    <FirstName>Mppr</FirstName>
    <LastName>Yysiwm</LastName>
    <Email>Mppr_Yysiwm@gmail.com</Email>
  </Contact>
  <Contact>
    <Id>336</Id>
    <FirstName>Ruvw</FirstName>
    <LastName>Prxeoi</LastName>
    <Email>Ruvw_Prxeoi@gmail.com</Email>
  </Contact>
  <Contact>
    <Id>337</Id>
    <FirstName>Wfop</FirstName>
    <LastName>Bmbinw</LastName>
    <Email>Wfop_Bmbinw@gmail.com</Email>
  </Contact>
  <Contact>
    <Id>338</Id>
    <FirstName>Zzzm</FirstName>
    <LastName>Nwckfo</LastName>
    <Email>Zzzm_Nwckfo@gmail.com</Email>
  </Contact>
  <Contact>
    <Id>339</Id>
    <FirstName>Fgbn</FirstName>
    <LastName>Eszytn</LastName>
    <Email>Fgbn_Eszytn@gmail.com</Email>
  </Contact>
  <Contact>
    <Id>340</Id>
    <FirstName>Uzhk</FirstName>
    <LastName>Hhaapl</LastName>
    <Email>Uzhk_Hhaapl@gmail.com</Email>
  </Contact>
  <Contact>
    <Id>341</Id>
    <FirstName>Xkuz</FirstName>
    <LastName>Mruiit</LastName>
    <Email>Xkuz_Mruiit@gmail.com</Email>
  </Contact>
  <Contact>
    <Id>342</Id>
    <FirstName>Onza</FirstName>
    <LastName>Cqeblj</LastName>
    <Email>Onza_Cqeblj@gmail.com</Email>
  </Contact>
  <Contact>
    <Id>343</Id>
    <FirstName>Mcoa</FirstName>
    <LastName>Caspfg</LastName>
    <Email>Mcoa_Caspfg@gmail.com</Email>
  </Contact>
  <Contact>
    <Id>344</Id>
    <FirstName>Wcvt</FirstName>
    <LastName>Rvlbam</LastName>
    <Email>Wcvt_Rvlbam@gmail.com</Email>
  </Contact>
  <Contact>
    <Id>345</Id>
    <FirstName>Xqpa</FirstName>
    <LastName>Ygzhhq</LastName>
    <Email>Xqpa_Ygzhhq@gmail.com</Email>
  </Contact>
  <Contact>
    <Id>346</Id>
    <FirstName>Dypf</FirstName>
    <LastName>Zuvuwm</LastName>
    <Email>Dypf_Zuvuwm@gmail.com</Email>
  </Contact>
  <Contact>
    <Id>347</Id>
    <FirstName>Zfdc</FirstName>
    <LastName>Xmsgjh</LastName>
    <Email>Zfdc_Xmsgjh@gmail.com</Email>
  </Contact>
  <Contact>
    <Id>348</Id>
    <FirstName>Fcby</FirstName>
    <LastName>Mvmobv</LastName>
    <Email>Fcby_Mvmobv@gmail.com</Email>
  </Contact>
  <Contact>
    <Id>349</Id>
    <FirstName>Akhp</FirstName>
    <LastName>Dxnptw</LastName>
    <Email>Akhp_Dxnptw@gmail.com</Email>
  </Contact>
  <Contact>
    <Id>350</Id>
    <FirstName>Zqfn</FirstName>
    <LastName>Nsnndm</LastName>
    <Email>Zqfn_Nsnndm@gmail.com</Email>
  </Contact>
  <Contact>
    <Id>351</Id>
    <FirstName>Otya</FirstName>
    <LastName>Laxqtd</LastName>
    <Email>Otya_Laxqtd@gmail.com</Email>
  </Contact>
  <Contact>
    <Id>352</Id>
    <FirstName>Hhta</FirstName>
    <LastName>Moyozz</LastName>
    <Email>Hhta_Moyozz@gmail.com</Email>
  </Contact>
  <Contact>
    <Id>353</Id>
    <FirstName>Ycmm</FirstName>
    <LastName>Ipxnlt</LastName>
    <Email>Ycmm_Ipxnlt@gmail.com</Email>
  </Contact>
  <Contact>
    <Id>354</Id>
    <FirstName>Izlo</FirstName>
    <LastName>Hglgec</LastName>
    <Email>Izlo_Hglgec@gmail.com</Email>
  </Contact>
  <Contact>
    <Id>355</Id>
    <FirstName>Awvp</FirstName>
    <LastName>Orweby</LastName>
    <Email>Awvp_Orweby@gmail.com</Email>
  </Contact>
  <Contact>
    <Id>356</Id>
    <FirstName>Tznd</FirstName>
    <LastName>Nmhmsv</LastName>
    <Email>Tznd_Nmhmsv@gmail.com</Email>
  </Contact>
  <Contact>
    <Id>357</Id>
    <FirstName>Djfz</FirstName>
    <LastName>Viwetf</LastName>
    <Email>Djfz_Viwetf@gmail.com</Email>
  </Contact>
  <Contact>
    <Id>358</Id>
    <FirstName>Drkw</FirstName>
    <LastName>Zbgwxq</LastName>
    <Email>Drkw_Zbgwxq@gmail.com</Email>
  </Contact>
  <Contact>
    <Id>359</Id>
    <FirstName>Ssmm</FirstName>
    <LastName>Ajliau</LastName>
    <Email>Ssmm_Ajliau@gmail.com</Email>
  </Contact>
  <Contact>
    <Id>360</Id>
    <FirstName>Zzoi</FirstName>
    <LastName>Zqrwug</LastName>
    <Email>Zzoi_Zqrwug@gmail.com</Email>
  </Contact>
  <Contact>
    <Id>361</Id>
    <FirstName>Vrkw</FirstName>
    <LastName>Vcordm</LastName>
    <Email>Vrkw_Vcordm@gmail.com</Email>
  </Contact>
  <Contact>
    <Id>362</Id>
    <FirstName>Fkob</FirstName>
    <LastName>Ckxszm</LastName>
    <Email>Fkob_Ckxszm@gmail.com</Email>
  </Contact>
  <Contact>
    <Id>363</Id>
    <FirstName>Woey</FirstName>
    <LastName>Fdcbxi</LastName>
    <Email>Woey_Fdcbxi@gmail.com</Email>
  </Contact>
  <Contact>
    <Id>364</Id>
    <FirstName>Kkbr</FirstName>
    <LastName>Vbhprx</LastName>
    <Email>Kkbr_Vbhprx@gmail.com</Email>
  </Contact>
  <Contact>
    <Id>365</Id>
    <FirstName>Uueo</FirstName>
    <LastName>Pplnfp</LastName>
    <Email>Uueo_Pplnfp@gmail.com</Email>
  </Contact>
  <Contact>
    <Id>366</Id>
    <FirstName>Tywi</FirstName>
    <LastName>Kgnmqr</LastName>
    <Email>Tywi_Kgnmqr@gmail.com</Email>
  </Contact>
  <Contact>
    <Id>367</Id>
    <FirstName>Zmuu</FirstName>
    <LastName>Buixfb</LastName>
    <Email>Zmuu_Buixfb@gmail.com</Email>
  </Contact>
  <Contact>
    <Id>368</Id>
    <FirstName>Chbc</FirstName>
    <LastName>Rbjpjq</LastName>
    <Email>Chbc_Rbjpjq@gmail.com</Email>
  </Contact>
  <Contact>
    <Id>369</Id>
    <FirstName>Rpwi</FirstName>
    <LastName>Omotgo</LastName>
    <Email>Rpwi_Omotgo@gmail.com</Email>
  </Contact>
  <Contact>
    <Id>370</Id>
    <FirstName>Nvzz</FirstName>
    <LastName>Xhajnv</LastName>
    <Email>Nvzz_Xhajnv@gmail.com</Email>
  </Contact>
  <Contact>
    <Id>371</Id>
    <FirstName>Gohd</FirstName>
    <LastName>Mmxuqj</LastName>
    <Email>Gohd_Mmxuqj@gmail.com</Email>
  </Contact>
  <Contact>
    <Id>372</Id>
    <FirstName>Wycz</FirstName>
    <LastName>Akqmfo</LastName>
    <Email>Wycz_Akqmfo@gmail.com</Email>
  </Contact>
  <Contact>
    <Id>373</Id>
    <FirstName>Fpqq</FirstName>
    <LastName>Ngibek</LastName>
    <Email>Fpqq_Ngibek@gmail.com</Email>
  </Contact>
  <Contact>
    <Id>374</Id>
    <FirstName>Aabo</FirstName>
    <LastName>Jdisvc</LastName>
    <Email>Aabo_Jdisvc@gmail.com</Email>
  </Contact>
  <Contact>
    <Id>375</Id>
    <FirstName>Pucx</FirstName>
    <LastName>Sptzzn</LastName>
    <Email>Pucx_Sptzzn@gmail.com</Email>
  </Contact>
  <Contact>
    <Id>376</Id>
    <FirstName>Rody</FirstName>
    <LastName>Pryqqf</LastName>
    <Email>Rody_Pryqqf@gmail.com</Email>
  </Contact>
  <Contact>
    <Id>377</Id>
    <FirstName>Evpg</FirstName>
    <LastName>Iwwoqx</LastName>
    <Email>Evpg_Iwwoqx@gmail.com</Email>
  </Contact>
  <Contact>
    <Id>378</Id>
    <FirstName>Cxqd</FirstName>
    <LastName>Zlmtyx</LastName>
    <Email>Cxqd_Zlmtyx@gmail.com</Email>
  </Contact>
  <Contact>
    <Id>379</Id>
    <FirstName>Nibr</FirstName>
    <LastName>Tmwdys</LastName>
    <Email>Nibr_Tmwdys@gmail.com</Email>
  </Contact>
  <Contact>
    <Id>380</Id>
    <FirstName>Ercp</FirstName>
    <LastName>Ytfwov</LastName>
    <Email>Ercp_Ytfwov@gmail.com</Email>
  </Contact>
  <Contact>
    <Id>381</Id>
    <FirstName>Tejc</FirstName>
    <LastName>Ktyaze</LastName>
    <Email>Tejc_Ktyaze@gmail.com</Email>
  </Contact>
  <Contact>
    <Id>382</Id>
    <FirstName>Fers</FirstName>
    <LastName>Svtxnw</LastName>
    <Email>Fers_Svtxnw@gmail.com</Email>
  </Contact>
  <Contact>
    <Id>383</Id>
    <FirstName>Atpy</FirstName>
    <LastName>Skvaef</LastName>
    <Email>Atpy_Skvaef@gmail.com</Email>
  </Contact>
  <Contact>
    <Id>384</Id>
    <FirstName>Gqed</FirstName>
    <LastName>Eizzgz</LastName>
    <Email>Gqed_Eizzgz@gmail.com</Email>
  </Contact>
  <Contact>
    <Id>385</Id>
    <FirstName>Ovdu</FirstName>
    <LastName>Maakwc</LastName>
    <Email>Ovdu_Maakwc@gmail.com</Email>
  </Contact>
  <Contact>
    <Id>386</Id>
    <FirstName>Zhis</FirstName>
    <LastName>Uapkjz</LastName>
    <Email>Zhis_Uapkjz@gmail.com</Email>
  </Contact>
  <Contact>
    <Id>387</Id>
    <FirstName>Xxvu</FirstName>
    <LastName>Yoaonk</LastName>
    <Email>Xxvu_Yoaonk@gmail.com</Email>
  </Contact>
  <Contact>
    <Id>388</Id>
    <FirstName>Wurn</FirstName>
    <LastName>Ifpuls</LastName>
    <Email>Wurn_Ifpuls@gmail.com</Email>
  </Contact>
  <Contact>
    <Id>389</Id>
    <FirstName>Kldc</FirstName>
    <LastName>Fyhmid</LastName>
    <Email>Kldc_Fyhmid@gmail.com</Email>
  </Contact>
  <Contact>
    <Id>390</Id>
    <FirstName>Topg</FirstName>
    <LastName>Cqziwx</LastName>
    <Email>Topg_Cqziwx@gmail.com</Email>
  </Contact>
  <Contact>
    <Id>391</Id>
    <FirstName>Zmwm</FirstName>
    <LastName>Gfqukp</LastName>
    <Email>Zmwm_Gfqukp@gmail.com</Email>
  </Contact>
  <Contact>
    <Id>392</Id>
    <FirstName>Kuzr</FirstName>
    <LastName>Pmttoz</LastName>
    <Email>Kuzr_Pmttoz@gmail.com</Email>
  </Contact>
  <Contact>
    <Id>393</Id>
    <FirstName>Hofj</FirstName>
    <LastName>Rheklr</LastName>
    <Email>Hofj_Rheklr@gmail.com</Email>
  </Contact>
  <Contact>
    <Id>394</Id>
    <FirstName>Fgxn</FirstName>
    <LastName>Syorva</LastName>
    <Email>Fgxn_Syorva@gmail.com</Email>
  </Contact>
  <Contact>
    <Id>395</Id>
    <FirstName>Imbt</FirstName>
    <LastName>Tyoyrp</LastName>
    <Email>Imbt_Tyoyrp@gmail.com</Email>
  </Contact>
  <Contact>
    <Id>396</Id>
    <FirstName>Xgux</FirstName>
    <LastName>Qlgmvy</LastName>
    <Email>Xgux_Qlgmvy@gmail.com</Email>
  </Contact>
  <Contact>
    <Id>397</Id>
    <FirstName>Bfjs</FirstName>
    <LastName>Kdwlyr</LastName>
    <Email>Bfjs_Kdwlyr@gmail.com</Email>
  </Contact>
  <Contact>
    <Id>398</Id>
    <FirstName>Xcyo</FirstName>
    <LastName>Qumlqs</LastName>
    <Email>Xcyo_Qumlqs@gmail.com</Email>
  </Contact>
  <Contact>
    <Id>399</Id>
    <FirstName>Sfsv</FirstName>
    <LastName>Uzmaxh</LastName>
    <Email>Sfsv_Uzmaxh@gmail.com</Email>
  </Contact>
  <Contact>
    <Id>400</Id>
    <FirstName>Rcvw</FirstName>
    <LastName>Zcdjjp</LastName>
    <Email>Rcvw_Zcdjjp@gmail.com</Email>
  </Contact>
  <Contact>
    <Id>401</Id>
    <FirstName>Bdza</FirstName>
    <LastName>Suighw</LastName>
    <Email>Bdza_Suighw@gmail.com</Email>
  </Contact>
  <Contact>
    <Id>402</Id>
    <FirstName>Yuvc</FirstName>
    <LastName>Gvnnyk</LastName>
    <Email>Yuvc_Gvnnyk@gmail.com</Email>
  </Contact>
  <Contact>
    <Id>403</Id>
    <FirstName>Rwor</FirstName>
    <LastName>Zuhbon</LastName>
    <Email>Rwor_Zuhbon@gmail.com</Email>
  </Contact>
  <Contact>
    <Id>404</Id>
    <FirstName>Qdcb</FirstName>
    <LastName>Rpgsdz</LastName>
    <Email>Qdcb_Rpgsdz@gmail.com</Email>
  </Contact>
  <Contact>
    <Id>405</Id>
    <FirstName>Rgtb</FirstName>
    <LastName>Iwgsqe</LastName>
    <Email>Rgtb_Iwgsqe@gmail.com</Email>
  </Contact>
  <Contact>
    <Id>406</Id>
    <FirstName>Pqky</FirstName>
    <LastName>Yeohax</LastName>
    <Email>Pqky_Yeohax@gmail.com</Email>
  </Contact>
  <Contact>
    <Id>407</Id>
    <FirstName>Ngrt</FirstName>
    <LastName>Fvsulq</LastName>
    <Email>Ngrt_Fvsulq@gmail.com</Email>
  </Contact>
  <Contact>
    <Id>408</Id>
    <FirstName>Oujy</FirstName>
    <LastName>Tldnjc</LastName>
    <Email>Oujy_Tldnjc@gmail.com</Email>
  </Contact>
  <Contact>
    <Id>409</Id>
    <FirstName>Ookk</FirstName>
    <LastName>Xasecm</LastName>
    <Email>Ookk_Xasecm@gmail.com</Email>
  </Contact>
  <Contact>
    <Id>410</Id>
    <FirstName>Ayrg</FirstName>
    <LastName>Mkozvn</LastName>
    <Email>Ayrg_Mkozvn@gmail.com</Email>
  </Contact>
  <Contact>
    <Id>411</Id>
    <FirstName>Emga</FirstName>
    <LastName>Pvgmen</LastName>
    <Email>Emga_Pvgmen@gmail.com</Email>
  </Contact>
  <Contact>
    <Id>412</Id>
    <FirstName>Bbyy</FirstName>
    <LastName>Jywhve</LastName>
    <Email>Bbyy_Jywhve@gmail.com</Email>
  </Contact>
  <Contact>
    <Id>413</Id>
    <FirstName>Cnrz</FirstName>
    <LastName>Ppcdmj</LastName>
    <Email>Cnrz_Ppcdmj@gmail.com</Email>
  </Contact>
  <Contact>
    <Id>414</Id>
    <FirstName>Wdrv</FirstName>
    <LastName>Ybhkuc</LastName>
    <Email>Wdrv_Ybhkuc@gmail.com</Email>
  </Contact>
  <Contact>
    <Id>415</Id>
    <FirstName>Ugzp</FirstName>
    <LastName>Kzatxn</LastName>
    <Email>Ugzp_Kzatxn@gmail.com</Email>
  </Contact>
  <Contact>
    <Id>416</Id>
    <FirstName>Nheq</FirstName>
    <LastName>Kquhkz</LastName>
    <Email>Nheq_Kquhkz@gmail.com</Email>
  </Contact>
  <Contact>
    <Id>417</Id>
    <FirstName>Sdav</FirstName>
    <LastName>Qyjczh</LastName>
    <Email>Sdav_Qyjczh@gmail.com</Email>
  </Contact>
  <Contact>
    <Id>418</Id>
    <FirstName>Rmms</FirstName>
    <LastName>Kwocpp</LastName>
    <Email>Rmms_Kwocpp@gmail.com</Email>
  </Contact>
  <Contact>
    <Id>419</Id>
    <FirstName>Pjfy</FirstName>
    <LastName>Voyalh</LastName>
    <Email>Pjfy_Voyalh@gmail.com</Email>
  </Contact>
  <Contact>
    <Id>420</Id>
    <FirstName>Hazu</FirstName>
    <LastName>Kqfdym</LastName>
    <Email>Hazu_Kqfdym@gmail.com</Email>
  </Contact>
  <Contact>
    <Id>421</Id>
    <FirstName>Qxtq</FirstName>
    <LastName>Wbvlgo</LastName>
    <Email>Qxtq_Wbvlgo@gmail.com</Email>
  </Contact>
  <Contact>
    <Id>422</Id>
    <FirstName>Crsu</FirstName>
    <LastName>Kjxbzc</LastName>
    <Email>Crsu_Kjxbzc@gmail.com</Email>
  </Contact>
  <Contact>
    <Id>423</Id>
    <FirstName>Zirs</FirstName>
    <LastName>Zqmrit</LastName>
    <Email>Zirs_Zqmrit@gmail.com</Email>
  </Contact>
  <Contact>
    <Id>424</Id>
    <FirstName>Qkec</FirstName>
    <LastName>Zsppcu</LastName>
    <Email>Qkec_Zsppcu@gmail.com</Email>
  </Contact>
  <Contact>
    <Id>425</Id>
    <FirstName>Tmuw</FirstName>
    <LastName>Fqiekb</LastName>
    <Email>Tmuw_Fqiekb@gmail.com</Email>
  </Contact>
  <Contact>
    <Id>426</Id>
    <FirstName>Teew</FirstName>
    <LastName>Nhgbqf</LastName>
    <Email>Teew_Nhgbqf@gmail.com</Email>
  </Contact>
  <Contact>
    <Id>427</Id>
    <FirstName>Oddm</FirstName>
    <LastName>Yrnpvr</LastName>
    <Email>Oddm_Yrnpvr@gmail.com</Email>
  </Contact>
  <Contact>
    <Id>428</Id>
    <FirstName>Tiyf</FirstName>
    <LastName>Imnunj</LastName>
    <Email>Tiyf_Imnunj@gmail.com</Email>
  </Contact>
  <Contact>
    <Id>429</Id>
    <FirstName>Iigh</FirstName>
    <LastName>Algipr</LastName>
    <Email>Iigh_Algipr@gmail.com</Email>
  </Contact>
  <Contact>
    <Id>430</Id>
    <FirstName>Moyx</FirstName>
    <LastName>Fpjiyn</LastName>
    <Email>Moyx_Fpjiyn@gmail.com</Email>
  </Contact>
  <Contact>
    <Id>431</Id>
    <FirstName>Csjt</FirstName>
    <LastName>Hlfyna</LastName>
    <Email>Csjt_Hlfyna@gmail.com</Email>
  </Contact>
  <Contact>
    <Id>432</Id>
    <FirstName>Uloh</FirstName>
    <LastName>Xgxwmm</LastName>
    <Email>Uloh_Xgxwmm@gmail.com</Email>
  </Contact>
  <Contact>
    <Id>433</Id>
    <FirstName>Lfzd</FirstName>
    <LastName>Ffjbat</LastName>
    <Email>Lfzd_Ffjbat@gmail.com</Email>
  </Contact>
  <Contact>
    <Id>434</Id>
    <FirstName>Cfwz</FirstName>
    <LastName>Gpynzp</LastName>
    <Email>Cfwz_Gpynzp@gmail.com</Email>
  </Contact>
  <Contact>
    <Id>435</Id>
    <FirstName>Ghuo</FirstName>
    <LastName>Xaaqzy</LastName>
    <Email>Ghuo_Xaaqzy@gmail.com</Email>
  </Contact>
  <Contact>
    <Id>436</Id>
    <FirstName>Snvm</FirstName>
    <LastName>Cwsfnc</LastName>
    <Email>Snvm_Cwsfnc@gmail.com</Email>
  </Contact>
  <Contact>
    <Id>437</Id>
    <FirstName>Bdyt</FirstName>
    <LastName>Xopoah</LastName>
    <Email>Bdyt_Xopoah@gmail.com</Email>
  </Contact>
  <Contact>
    <Id>438</Id>
    <FirstName>Hjwx</FirstName>
    <LastName>Fdkkge</LastName>
    <Email>Hjwx_Fdkkge@gmail.com</Email>
  </Contact>
  <Contact>
    <Id>439</Id>
    <FirstName>Fsbb</FirstName>
    <LastName>Bpjjwk</LastName>
    <Email>Fsbb_Bpjjwk@gmail.com</Email>
  </Contact>
  <Contact>
    <Id>440</Id>
    <FirstName>Wtzx</FirstName>
    <LastName>Ndibri</LastName>
    <Email>Wtzx_Ndibri@gmail.com</Email>
  </Contact>
  <Contact>
    <Id>441</Id>
    <FirstName>Llqs</FirstName>
    <LastName>Qiqygy</LastName>
    <Email>Llqs_Qiqygy@gmail.com</Email>
  </Contact>
  <Contact>
    <Id>442</Id>
    <FirstName>Mizj</FirstName>
    <LastName>Wjbxsi</LastName>
    <Email>Mizj_Wjbxsi@gmail.com</Email>
  </Contact>
  <Contact>
    <Id>443</Id>
    <FirstName>Efsq</FirstName>
    <LastName>Lokykc</LastName>
    <Email>Efsq_Lokykc@gmail.com</Email>
  </Contact>
  <Contact>
    <Id>444</Id>
    <FirstName>Vjtx</FirstName>
    <LastName>Sucjks</LastName>
    <Email>Vjtx_Sucjks@gmail.com</Email>
  </Contact>
  <Contact>
    <Id>445</Id>
    <FirstName>Yldx</FirstName>
    <LastName>Xotqae</LastName>
    <Email>Yldx_Xotqae@gmail.com</Email>
  </Contact>
  <Contact>
    <Id>446</Id>
    <FirstName>Blii</FirstName>
    <LastName>Efszgc</LastName>
    <Email>Blii_Efszgc@gmail.com</Email>
  </Contact>
  <Contact>
    <Id>447</Id>
    <FirstName>Yrod</FirstName>
    <LastName>Dcocqc</LastName>
    <Email>Yrod_Dcocqc@gmail.com</Email>
  </Contact>
  <Contact>
    <Id>448</Id>
    <FirstName>Grmz</FirstName>
    <LastName>Jtcusx</LastName>
    <Email>Grmz_Jtcusx@gmail.com</Email>
  </Contact>
  <Contact>
    <Id>449</Id>
    <FirstName>Utyf</FirstName>
    <LastName>Bjaktn</LastName>
    <Email>Utyf_Bjaktn@gmail.com</Email>
  </Contact>
  <Contact>
    <Id>450</Id>
    <FirstName>Bcdi</FirstName>
    <LastName>Ugxzuv</LastName>
    <Email>Bcdi_Ugxzuv@gmail.com</Email>
  </Contact>
  <Contact>
    <Id>451</Id>
    <FirstName>Zrzy</FirstName>
    <LastName>Xjzjzk</LastName>
    <Email>Zrzy_Xjzjzk@gmail.com</Email>
  </Contact>
  <Contact>
    <Id>452</Id>
    <FirstName>Dyhj</FirstName>
    <LastName>Heticu</LastName>
    <Email>Dyhj_Heticu@gmail.com</Email>
  </Contact>
  <Contact>
    <Id>453</Id>
    <FirstName>Cdid</FirstName>
    <LastName>Beoefc</LastName>
    <Email>Cdid_Beoefc@gmail.com</Email>
  </Contact>
  <Contact>
    <Id>454</Id>
    <FirstName>Wcax</FirstName>
    <LastName>Xctair</LastName>
    <Email>Wcax_Xctair@gmail.com</Email>
  </Contact>
  <Contact>
    <Id>455</Id>
    <FirstName>Kqli</FirstName>
    <LastName>Jdvtap</LastName>
    <Email>Kqli_Jdvtap@gmail.com</Email>
  </Contact>
  <Contact>
    <Id>456</Id>
    <FirstName>Nowa</FirstName>
    <LastName>Swjwwt</LastName>
    <Email>Nowa_Swjwwt@gmail.com</Email>
  </Contact>
  <Contact>
    <Id>457</Id>
    <FirstName>Uvew</FirstName>
    <LastName>Oaxjme</LastName>
    <Email>Uvew_Oaxjme@gmail.com</Email>
  </Contact>
  <Contact>
    <Id>458</Id>
    <FirstName>Ktak</FirstName>
    <LastName>Jlsauy</LastName>
    <Email>Ktak_Jlsauy@gmail.com</Email>
  </Contact>
  <Contact>
    <Id>459</Id>
    <FirstName>Ivdp</FirstName>
    <LastName>Phgaeb</LastName>
    <Email>Ivdp_Phgaeb@gmail.com</Email>
  </Contact>
  <Contact>
    <Id>460</Id>
    <FirstName>Txdo</FirstName>
    <LastName>Xpmoui</LastName>
    <Email>Txdo_Xpmoui@gmail.com</Email>
  </Contact>
  <Contact>
    <Id>461</Id>
    <FirstName>Flhw</FirstName>
    <LastName>Etnlqh</LastName>
    <Email>Flhw_Etnlqh@gmail.com</Email>
  </Contact>
  <Contact>
    <Id>462</Id>
    <FirstName>Dicy</FirstName>
    <LastName>Kyrohg</LastName>
    <Email>Dicy_Kyrohg@gmail.com</Email>
  </Contact>
  <Contact>
    <Id>463</Id>
    <FirstName>Uxek</FirstName>
    <LastName>Knqlnu</LastName>
    <Email>Uxek_Knqlnu@gmail.com</Email>
  </Contact>
  <Contact>
    <Id>464</Id>
    <FirstName>Yegl</FirstName>
    <LastName>Sxohkw</LastName>
    <Email>Yegl_Sxohkw@gmail.com</Email>
  </Contact>
  <Contact>
    <Id>465</Id>
    <FirstName>Tujx</FirstName>
    <LastName>Xlueey</LastName>
    <Email>Tujx_Xlueey@gmail.com</Email>
  </Contact>
  <Contact>
    <Id>466</Id>
    <FirstName>Xxgn</FirstName>
    <LastName>Ohhwlq</LastName>
    <Email>Xxgn_Ohhwlq@gmail.com</Email>
  </Contact>
  <Contact>
    <Id>467</Id>
    <FirstName>Ccyv</FirstName>
    <LastName>Izcrfn</LastName>
    <Email>Ccyv_Izcrfn@gmail.com</Email>
  </Contact>
  <Contact>
    <Id>468</Id>
    <FirstName>Kkdl</FirstName>
    <LastName>Nznhnz</LastName>
    <Email>Kkdl_Nznhnz@gmail.com</Email>
  </Contact>
  <Contact>
    <Id>469</Id>
    <FirstName>Slgo</FirstName>
    <LastName>Waxswl</LastName>
    <Email>Slgo_Waxswl@gmail.com</Email>
  </Contact>
  <Contact>
    <Id>470</Id>
    <FirstName>Prvt</FirstName>
    <LastName>Trwopy</LastName>
    <Email>Prvt_Trwopy@gmail.com</Email>
  </Contact>
  <Contact>
    <Id>471</Id>
    <FirstName>Idyr</FirstName>
    <LastName>Nmtvao</LastName>
    <Email>Idyr_Nmtvao@gmail.com</Email>
  </Contact>
  <Contact>
    <Id>472</Id>
    <FirstName>Tajl</FirstName>
    <LastName>Yqvjzh</LastName>
    <Email>Tajl_Yqvjzh@gmail.com</Email>
  </Contact>
  <Contact>
    <Id>473</Id>
    <FirstName>Bjuu</FirstName>
    <LastName>Xtpjrv</LastName>
    <Email>Bjuu_Xtpjrv@gmail.com</Email>
  </Contact>
  <Contact>
    <Id>474</Id>
    <FirstName>Dzso</FirstName>
    <LastName>Rpnpbj</LastName>
    <Email>Dzso_Rpnpbj@gmail.com</Email>
  </Contact>
  <Contact>
    <Id>475</Id>
    <FirstName>Gcsi</FirstName>
    <LastName>Rphjvc</LastName>
    <Email>Gcsi_Rphjvc@gmail.com</Email>
  </Contact>
  <Contact>
    <Id>476</Id>
    <FirstName>Wmoh</FirstName>
    <LastName>Xyjeuu</LastName>
    <Email>Wmoh_Xyjeuu@gmail.com</Email>
  </Contact>
  <Contact>
    <Id>477</Id>
    <FirstName>Xjde</FirstName>
    <LastName>Ltivui</LastName>
    <Email>Xjde_Ltivui@gmail.com</Email>
  </Contact>
  <Contact>
    <Id>478</Id>
    <FirstName>Dfhp</FirstName>
    <LastName>Azrlch</LastName>
    <Email>Dfhp_Azrlch@gmail.com</Email>
  </Contact>
  <Contact>
    <Id>479</Id>
    <FirstName>Lfop</FirstName>
    <LastName>Zqkkqs</LastName>
    <Email>Lfop_Zqkkqs@gmail.com</Email>
  </Contact>
  <Contact>
    <Id>480</Id>
    <FirstName>Fjvh</FirstName>
    <LastName>Lwyowx</LastName>
    <Email>Fjvh_Lwyowx@gmail.com</Email>
  </Contact>
  <Contact>
    <Id>481</Id>
    <FirstName>Hmon</FirstName>
    <LastName>Yqfzgy</LastName>
    <Email>Hmon_Yqfzgy@gmail.com</Email>
  </Contact>
  <Contact>
    <Id>482</Id>
    <FirstName>Hxbn</FirstName>
    <LastName>Isvoev</LastName>
    <Email>Hxbn_Isvoev@gmail.com</Email>
  </Contact>
  <Contact>
    <Id>483</Id>
    <FirstName>Jxeb</FirstName>
    <LastName>Cukadd</LastName>
    <Email>Jxeb_Cukadd@gmail.com</Email>
  </Contact>
  <Contact>
    <Id>484</Id>
    <FirstName>Acpf</FirstName>
    <LastName>Zyqbqj</LastName>
    <Email>Acpf_Zyqbqj@gmail.com</Email>
  </Contact>
  <Contact>
    <Id>485</Id>
    <FirstName>Llds</FirstName>
    <LastName>Lihiyt</LastName>
    <Email>Llds_Lihiyt@gmail.com</Email>
  </Contact>
  <Contact>
    <Id>486</Id>
    <FirstName>Bkjb</FirstName>
    <LastName>Okinke</LastName>
    <Email>Bkjb_Okinke@gmail.com</Email>
  </Contact>
  <Contact>
    <Id>487</Id>
    <FirstName>Fewd</FirstName>
    <LastName>Xeivnj</LastName>
    <Email>Fewd_Xeivnj@gmail.com</Email>
  </Contact>
  <Contact>
    <Id>488</Id>
    <FirstName>Buxv</FirstName>
    <LastName>Jxtmqu</LastName>
    <Email>Buxv_Jxtmqu@gmail.com</Email>
  </Contact>
  <Contact>
    <Id>489</Id>
    <FirstName>Mcbk</FirstName>
    <LastName>Cqtnqp</LastName>
    <Email>Mcbk_Cqtnqp@gmail.com</Email>
  </Contact>
  <Contact>
    <Id>490</Id>
    <FirstName>Qdqm</FirstName>
    <LastName>Egoaug</LastName>
    <Email>Qdqm_Egoaug@gmail.com</Email>
  </Contact>
  <Contact>
    <Id>491</Id>
    <FirstName>Aluo</FirstName>
    <LastName>Rgmnrq</LastName>
    <Email>Aluo_Rgmnrq@gmail.com</Email>
  </Contact>
  <Contact>
    <Id>492</Id>
    <FirstName>Qvwp</FirstName>
    <LastName>Rccmah</LastName>
    <Email>Qvwp_Rccmah@gmail.com</Email>
  </Contact>
  <Contact>
    <Id>493</Id>
    <FirstName>Lvfy</FirstName>
    <LastName>Tyekrd</LastName>
    <Email>Lvfy_Tyekrd@gmail.com</Email>
  </Contact>
  <Contact>
    <Id>494</Id>
    <FirstName>Itrj</FirstName>
    <LastName>Ubhnsw</LastName>
    <Email>Itrj_Ubhnsw@gmail.com</Email>
  </Contact>
  <Contact>
    <Id>495</Id>
    <FirstName>Dfva</FirstName>
    <LastName>Yugavb</LastName>
    <Email>Dfva_Yugavb@gmail.com</Email>
  </Contact>
  <Contact>
    <Id>496</Id>
    <FirstName>Dczn</FirstName>
    <LastName>Vegwvs</LastName>
    <Email>Dczn_Vegwvs@gmail.com</Email>
  </Contact>
  <Contact>
    <Id>497</Id>
    <FirstName>Cbwo</FirstName>
    <LastName>Hxenvq</LastName>
    <Email>Cbwo_Hxenvq@gmail.com</Email>
  </Contact>
  <Contact>
    <Id>498</Id>
    <FirstName>Upte</FirstName>
    <LastName>Egzfzy</LastName>
    <Email>Upte_Egzfzy@gmail.com</Email>
  </Contact>
  <Contact>
    <Id>499</Id>
    <FirstName>Sdpp</FirstName>
    <LastName>Zgtenp</LastName>
    <Email>Sdpp_Zgtenp@gmail.com</Email>
  </Contact>
  <Contact>
    <Id>500</Id>
    <FirstName>Ulrz</FirstName>
    <LastName>Tbigsb</LastName>
    <Email>Ulrz_Tbigsb@gmail.com</Email>
  </Contact>
</Contacts>