﻿<?xml version="1.0" encoding="utf-8"?>
<publishData>
  <publishProfile publishUrl="ftp://ftp.erickatz.us/contact_mvc" deleteExistingFiles="False" ftpAnonymousLogin="False" ftpPassiveMode="True" msdeploySite="" msdeploySiteID="" msdeployRemoteSitePhysicalPath="" msdeployAllowUntrustedCertificate="False" msdeploySkipExtraFilesOnServer="True" msdeployMarkAsApp="False" profileName="Profile1" publishMethod="FTP" replaceMatchingFiles="True" userName="0015187|erickatzus0" savePWD="False" userPWD="" SelectedForPublish="True">
    <file relUrl="bin/Microsoft.Web.Infrastructure.xml" publishTime="12/20/2010 09:52:36" />
    <file relUrl="bin/SquishIt.Framework.dll" publishTime="01/12/2012 10:25:26" />
    <file relUrl="Views/Shared/_Layout.cshtml" publishTime="01/27/2012 12:40:29" />
    <file relUrl="Views/Contact/Form.cshtml" publishTime="01/27/2012 15:57:40" />
    <file relUrl="bin/ekMembership.pdb" publishTime="03/23/2012 13:28:55" />
    <file relUrl="bin/System.Data.dll" publishTime="03/18/2010 19:31:26" />
    <file relUrl="Views/Account/Logon.cshtml" publishTime="12/27/2011 16:35:37" />
    <file relUrl="bin/EntityFramework.xml" publishTime="01/17/2012 09:50:22" />
    <file relUrl="Scripts/jquery.min.js" publishTime="12/05/2011 08:44:58" />
    <file relUrl="bin/System.Data.DataSetExtensions.dll" publishTime="03/18/2010 19:31:26" />
    <file relUrl="Content/test.css" publishTime="01/12/2012 10:00:56" />
    <file relUrl="bin/System.Web.Mvc.dll" publishTime="01/05/2011 16:42:16" />
    <file relUrl="Web.config" publishTime="03/26/2012 09:09:45" />
    <file relUrl="bin/System.Web.WebPages.Deployment.xml" publishTime="12/20/2010 09:52:36" />
    <file relUrl="Views/Contact/List.cshtml" publishTime="12/12/2011 11:02:45" />
    <file relUrl="Views/Contact/Edit.cshtml" publishTime="01/27/2012 15:36:03" />
    <file relUrl="bin/System.dll" publishTime="03/18/2010 19:31:26" />
    <file relUrl="bin/System.Web.WebPages.dll" publishTime="01/05/2011 14:45:38" />
    <file relUrl="bin/dotless.Core.dll" publishTime="01/12/2012 10:25:26" />
    <file relUrl="bin/ContactWeb.dll" publishTime="03/26/2012 09:37:46" />
    <file relUrl="Views/Contact/Search.cshtml" publishTime="01/13/2012 16:40:32" />
    <file relUrl="Global.asax" publishTime="11/03/2011 16:50:24" />
    <file relUrl="bin/System.ComponentModel.DataAnnotations.dll" publishTime="03/18/2010 19:31:26" />
    <file relUrl="Views/AlphaContact/Index.cshtml" publishTime="11/23/2011 09:32:14" />
    <file relUrl="bin/Yahoo.Yui.Compressor.dll" publishTime="01/12/2012 10:25:26" />
    <file relUrl="Views/Contact/EntryForm.cshtml" publishTime="12/28/2011 08:41:55" />
    <file relUrl="bin/System.Web.Helpers.dll" publishTime="01/05/2011 14:45:38" />
    <file relUrl="bin/MvcWebHelpers.pdb" publishTime="03/23/2012 13:28:54" />
    <file relUrl="bin/System.Web.Razor.xml" publishTime="12/20/2010 09:52:36" />
    <file relUrl="bin/System.Data.Entity.dll" publishTime="03/18/2010 19:31:26" />
    <file relUrl="Views/Friends/Index.cshtml" publishTime="12/27/2011 16:04:36" />
    <file relUrl="Views/_ViewStart.cshtml" publishTime="11/03/2011 16:17:09" />
    <file relUrl="bin/AjaxMin.dll" publishTime="01/12/2012 10:25:26" />
    <file relUrl="bin/System.Web.Mvc.xml" publishTime="02/09/2011 10:26:24" />
    <file relUrl="bin/System.Web.Helpers.xml" publishTime="12/19/2010 22:59:38" />
    <file relUrl="Views/AddMultipleContact/Knockout.cshtml" publishTime="01/05/2012 09:38:21" />
    <file relUrl="bin/ContactWebLibrary.dll" publishTime="03/26/2012 09:07:31" />
    <file relUrl="bin/ekMembership.dll" publishTime="03/23/2012 13:28:55" />
    <file relUrl="bin/MvcContrib.dll" publishTime="12/20/2011 14:15:33" />
    <file relUrl="bin/ContactWeb.pdb" publishTime="03/26/2012 09:37:46" />
    <file relUrl="bin/ekCommonLibs.pdb" publishTime="03/23/2012 13:28:53" />
    <file relUrl="bin/Microsoft.Web.Infrastructure.dll" publishTime="01/05/2011 14:45:38" />
    <file relUrl="bin/System.EnterpriseServices.dll" publishTime="03/18/2010 19:31:26" />
    <file relUrl="bin/ekCommonLibs.dll" publishTime="03/23/2012 13:28:53" />
    <file relUrl="bin/System.Drawing.dll" publishTime="03/18/2010 19:31:26" />
    <file relUrl="bin/Jurassic.dll" publishTime="01/12/2012 10:25:26" />
    <file relUrl="Views/AdvancedContact/Index.cshtml" publishTime="01/27/2012 16:10:54" />
    <file relUrl="App_Data/Contacts.xml" publishTime="03/23/2012 15:34:00" />
    <file relUrl="Views/AddMultipleContact/AddMultiple.cshtml" publishTime="11/23/2011 09:59:47" />
    <file relUrl="Views/Contact/Grid.cshtml" publishTime="12/21/2011 15:00:47" />
    <file relUrl="bin/System.Xml.dll" publishTime="03/18/2010 19:31:26" />
    <file relUrl="bin/System.Web.Routing.dll" publishTime="03/18/2010 19:31:26" />
    <file relUrl="App_Data/Roles.xml" publishTime="03/22/2012 17:02:20" />
    <file relUrl="App_Data/Users.xml" publishTime="03/23/2012 14:05:56" />
    <file relUrl="Content/common.js" publishTime="01/27/2012 13:25:42" />
    <file relUrl="bin/System.Web.WebPages.Razor.xml" publishTime="12/20/2010 09:52:36" />
    <file relUrl="Views/AddMultipleContact/Confirmation.cshtml" publishTime="12/01/2011 10:17:40" />
    <file relUrl="bin/System.Web.dll" publishTime="03/18/2010 19:31:26" />
    <file relUrl="Views/Contact/Create.cshtml" publishTime="01/27/2012 15:35:52" />
    <file relUrl="Views/Account/Index.cshtml" publishTime="11/29/2011 11:04:33" />
    <file relUrl="bin/System.Web.Razor.dll" publishTime="01/05/2011 14:45:38" />
    <file relUrl="bin/System.Web.Services.dll" publishTime="03/18/2010 19:31:26" />
    <file relUrl="bin/System.Web.Entity.dll" publishTime="03/18/2010 19:31:26" />
    <file relUrl="Views/Web.config" publishTime="11/03/2011 16:17:09" />
    <file relUrl="bin/System.Web.DynamicData.dll" publishTime="03/18/2010 19:31:26" />
    <file relUrl="Content/site.css" publishTime="01/25/2012 09:16:54" />
    <file relUrl="bin/System.Web.ApplicationServices.dll" publishTime="03/18/2010 19:31:26" />
    <file relUrl="bin/System.Web.Abstractions.dll" publishTime="03/18/2010 19:31:26" />
    <file relUrl="bin/EntityFramework.dll" publishTime="01/17/2012 09:50:22" />
    <file relUrl="bin/SquishIt.Framework.pdb" publishTime="01/12/2012 10:25:26" />
    <file relUrl="Content/knockout-2.0.0.js" publishTime="12/27/2011 17:07:23" />
    <file relUrl="bin/System.Web.Extensions.dll" publishTime="03/18/2010 19:31:26" />
    <file relUrl="bin/EcmaScript.NET.modified.dll" publishTime="01/12/2012 10:25:25" />
    <file relUrl="bin/ContactWebLibrary.pdb" publishTime="03/26/2012 09:07:31" />
    <file relUrl="App_Data/Friends.xml" publishTime="03/23/2012 15:34:00" />
    <file relUrl="Views/PhoneNumberEntry/Form.cshtml" publishTime="01/27/2012 13:40:30" />
    <file relUrl="Views/Role/Index.cshtml" publishTime="12/06/2011 12:11:26" />
    <file relUrl="bin/System.Configuration.dll" publishTime="03/18/2010 19:31:26" />
    <file relUrl="bin/System.Web.WebPages.xml" publishTime="12/19/2010 22:59:38" />
    <file relUrl="bin/System.Web.WebPages.Razor.dll" publishTime="01/05/2011 14:45:38" />
    <file relUrl="bin/System.Web.WebPages.Deployment.dll" publishTime="01/05/2011 14:45:38" />
    <file relUrl="bin/Microsoft.CSharp.dll" publishTime="03/18/2010 19:31:26" />
    <file relUrl="bin/MvcWebHelpers.dll" publishTime="03/23/2012 13:28:54" />
    <file relUrl="Views/Mobile/Index.cshtml" publishTime="03/26/2012 11:28:27" />
    <file relUrl="Views/Mobile/Detail.cshtml" publishTime="03/23/2012 13:07:31" />
    <file relUrl="Views/FacetContact/Index.cshtml" publishTime="01/18/2012 17:14:47" />
    <file relUrl="Views/Contact/ListMembershipControls.cshtml" publishTime="12/14/2011 12:18:19" />
    <file relUrl="bin/System.Xml.Linq.dll" publishTime="03/18/2010 19:31:26" />
    <file relUrl="Views/Home/Index.cshtml" publishTime="01/17/2012 12:33:47" />
  </publishProfile>
</publishData>