﻿<?xml version="1.0" encoding="utf-8"?>
<Contacts>
  <Contact>
    <Id>1</Id>
    <FirstName>Bmee</FirstName>
    <LastName>Idqphu</LastName>
    <Email>Bmee_Idqphu@gmail.com</Email>
    <LuckyNumber>20</LuckyNumber>
  </Contact>
  <Contact>
    <Id>2</Id>
    <FirstName>Ouue</FirstName>
    <LastName>Nausoi</LastName>
    <Email>Ouue_Nausoi@gmail.com</Email>
    <LuckyNumber>65</LuckyNumber>
  </Contact>
  <Contact>
    <Id>3</Id>
    <FirstName>Qzzn</FirstName>
    <LastName>Xvkvya</LastName>
    <Email>Qzzn_Xvkvya@gmail.com</Email>
    <LuckyNumber>77</LuckyNumber>
  </Contact>
  <Contact>
    <Id>4</Id>
    <FirstName>Cdej</FirstName>
    <LastName>Jkpcbk</LastName>
    <Email>Cdej_Jkpcbk@gmail.com</Email>
    <LuckyNumber>37</LuckyNumber>
  </Contact>
  <Contact>
    <Id>5</Id>
    <FirstName>Uwxn</FirstName>
    <LastName>Xejrnw</LastName>
    <Email>Uwxn_Xejrnw@gmail.com</Email>
    <LuckyNumber>98</LuckyNumber>
  </Contact>
  <Contact>
    <Id>6</Id>
    <FirstName>Kvee</FirstName>
    <LastName>Vfufmw</LastName>
    <Email>Kvee_Vfufmw@gmail.com</Email>
    <LuckyNumber>19</LuckyNumber>
  </Contact>
  <Contact>
    <Id>7</Id>
    <FirstName>Usra</FirstName>
    <LastName>Eqjdmh</LastName>
    <Email>Usra_Eqjdmh@gmail.com</Email>
    <LuckyNumber>26</LuckyNumber>
  </Contact>
  <Contact>
    <Id>8</Id>
    <FirstName>Gfcq</FirstName>
    <LastName>Kyfmgm</LastName>
    <Email>Gfcq_Kyfmgm@gmail.com</Email>
    <LuckyNumber>89</LuckyNumber>
  </Contact>
  <Contact>
    <Id>9</Id>
    <FirstName>Ctie</FirstName>
    <LastName>Fpjhvx</LastName>
    <Email>Ctie_Fpjhvx@gmail.com</Email>
    <LuckyNumber>51</LuckyNumber>
  </Contact>
  <Contact>
    <Id>10</Id>
    <FirstName>Pcev</FirstName>
    <LastName>Xashkk</LastName>
    <Email>Pcev_Xashkk@gmail.com</Email>
    <LuckyNumber>70</LuckyNumber>
  </Contact>
  <Contact>
    <Id>11</Id>
    <FirstName>Epzc</FirstName>
    <LastName>Euvaap</LastName>
    <Email>Epzc_Euvaap@gmail.com</Email>
    <LuckyNumber>70</LuckyNumber>
  </Contact>
  <Contact>
    <Id>12</Id>
    <FirstName>Wqyr</FirstName>
    <LastName>Alutfm</LastName>
    <Email>Wqyr_Alutfm@gmail.com</Email>
    <LuckyNumber>34</LuckyNumber>
  </Contact>
  <Contact>
    <Id>13</Id>
    <FirstName>Tpzl</FirstName>
    <LastName>Oaftyc</LastName>
    <Email>Tpzl_Oaftyc@gmail.com</Email>
    <LuckyNumber>51</LuckyNumber>
  </Contact>
  <Contact>
    <Id>14</Id>
    <FirstName>Kote</FirstName>
    <LastName>Ckolvx</LastName>
    <Email>Kote_Ckolvx@gmail.com</Email>
    <LuckyNumber>91</LuckyNumber>
  </Contact>
  <Contact>
    <Id>15</Id>
    <FirstName>Xgox</FirstName>
    <LastName>Gahnqe</LastName>
    <Email>Xgox_Gahnqe@gmail.com</Email>
    <LuckyNumber>24</LuckyNumber>
  </Contact>
  <Contact>
    <Id>16</Id>
    <FirstName>Vvjc</FirstName>
    <LastName>Tfvvgq</LastName>
    <Email>Vvjc_Tfvvgq@gmail.com</Email>
    <LuckyNumber>62</LuckyNumber>
  </Contact>
  <Contact>
    <Id>17</Id>
    <FirstName>Jgjy</FirstName>
    <LastName>Vijftq</LastName>
    <Email>Jgjy_Vijftq@gmail.com</Email>
    <LuckyNumber>43</LuckyNumber>
  </Contact>
  <Contact>
    <Id>18</Id>
    <FirstName>Vstx</FirstName>
    <LastName>Ruflll</LastName>
    <Email>Vstx_Ruflll@gmail.com</Email>
    <LuckyNumber>32</LuckyNumber>
  </Contact>
  <Contact>
    <Id>19</Id>
    <FirstName>Etxu</FirstName>
    <LastName>Ariqzr</LastName>
    <Email>Etxu_Ariqzr@gmail.com</Email>
    <LuckyNumber>26</LuckyNumber>
  </Contact>
  <Contact>
    <Id>20</Id>
    <FirstName>Gwio</FirstName>
    <LastName>Iezell</LastName>
    <Email>Gwio_Iezell@gmail.com</Email>
    <LuckyNumber>58</LuckyNumber>
  </Contact>
  <Contact>
    <Id>21</Id>
    <FirstName>Karj</FirstName>
    <LastName>Voaquf</LastName>
    <Email>Karj_Voaquf@gmail.com</Email>
    <LuckyNumber>17</LuckyNumber>
  </Contact>
  <Contact>
    <Id>22</Id>
    <FirstName>Bbpa</FirstName>
    <LastName>Aiswcr</LastName>
    <Email>Bbpa_Aiswcr@gmail.com</Email>
    <LuckyNumber>77</LuckyNumber>
  </Contact>
  <Contact>
    <Id>23</Id>
    <FirstName>Olwp</FirstName>
    <LastName>Cmamha</LastName>
    <Email>Olwp_Cmamha@gmail.com</Email>
    <LuckyNumber>86</LuckyNumber>
  </Contact>
  <Contact>
    <Id>24</Id>
    <FirstName>Ojxd</FirstName>
    <LastName>Qwtqjw</LastName>
    <Email>Ojxd_Qwtqjw@gmail.com</Email>
    <LuckyNumber>4</LuckyNumber>
  </Contact>
  <Contact>
    <Id>25</Id>
    <FirstName>Cvgy</FirstName>
    <LastName>Hermoj</LastName>
    <Email>Cvgy_Hermoj@gmail.com</Email>
    <LuckyNumber>92</LuckyNumber>
  </Contact>
  <Contact>
    <Id>26</Id>
    <FirstName>Qlfm</FirstName>
    <LastName>Fmnpiy</LastName>
    <Email>Qlfm_Fmnpiy@gmail.com</Email>
    <LuckyNumber>15</LuckyNumber>
  </Contact>
  <Contact>
    <Id>27</Id>
    <FirstName>Emgd</FirstName>
    <LastName>Wrvcmh</LastName>
    <Email>Emgd_Wrvcmh@gmail.com</Email>
    <LuckyNumber>91</LuckyNumber>
  </Contact>
  <Contact>
    <Id>28</Id>
    <FirstName>Ojbj</FirstName>
    <LastName>Dfwvum</LastName>
    <Email>Ojbj_Dfwvum@gmail.com</Email>
    <LuckyNumber>51</LuckyNumber>
  </Contact>
  <Contact>
    <Id>29</Id>
    <FirstName>Qsmy</FirstName>
    <LastName>Eqhcto</LastName>
    <Email>Qsmy_Eqhcto@gmail.com</Email>
    <LuckyNumber>8</LuckyNumber>
  </Contact>
  <Contact>
    <Id>30</Id>
    <FirstName>Yqtr</FirstName>
    <LastName>Ehzqlx</LastName>
    <Email>Yqtr_Ehzqlx@gmail.com</Email>
    <LuckyNumber>63</LuckyNumber>
  </Contact>
  <Contact>
    <Id>32</Id>
    <FirstName>Rvor</FirstName>
    <LastName>Ymfvjn</LastName>
    <Email>Rvor_Ymfvjn@gmail.com</Email>
    <LuckyNumber>37</LuckyNumber>
  </Contact>
  <Contact>
    <Id>33</Id>
    <FirstName>Mklp</FirstName>
    <LastName>Mapvea</LastName>
    <Email>Mklp_Mapvea@gmail.com</Email>
    <LuckyNumber>62</LuckyNumber>
  </Contact>
  <Contact>
    <Id>34</Id>
    <FirstName>Aaob</FirstName>
    <LastName>Tuztab</LastName>
    <Email>Aaob_Tuztab@gmail.com</Email>
    <LuckyNumber>92</LuckyNumber>
  </Contact>
  <Contact>
    <Id>35</Id>
    <FirstName>Hyxd</FirstName>
    <LastName>Mimlqn</LastName>
    <Email>Hyxd_Mimlqn@gmail.com</Email>
    <LuckyNumber>11</LuckyNumber>
  </Contact>
  <Contact>
    <Id>36</Id>
    <FirstName>Ikmz</FirstName>
    <LastName>Gwherz</LastName>
    <Email>Ikmz_Gwherz@gmail.com</Email>
    <LuckyNumber>66</LuckyNumber>
  </Contact>
  <Contact>
    <Id>37</Id>
    <FirstName>Bvnc</FirstName>
    <LastName>Wtlwpm</LastName>
    <Email>Bvnc_Wtlwpm@gmail.com</Email>
    <LuckyNumber>31</LuckyNumber>
  </Contact>
  <Contact>
    <Id>38</Id>
    <FirstName>Ocms</FirstName>
    <LastName>Ingitj</LastName>
    <Email>Ocms_Ingitj@gmail.com</Email>
    <LuckyNumber>11</LuckyNumber>
  </Contact>
  <Contact>
    <Id>39</Id>
    <FirstName>Xrep</FirstName>
    <LastName>Unclwk</LastName>
    <Email>Xrep_Unclwk@gmail.com</Email>
    <LuckyNumber>95</LuckyNumber>
  </Contact>
  <Contact>
    <Id>40</Id>
    <FirstName>Qxcp</FirstName>
    <LastName>Kmtzux</LastName>
    <Email>Qxcp_Kmtzux@gmail.com</Email>
    <LuckyNumber>61</LuckyNumber>
  </Contact>
  <Contact>
    <Id>41</Id>
    <FirstName>Awjm</FirstName>
    <LastName>Ontxif</LastName>
    <Email>Awjm_Ontxif@gmail.com</Email>
    <LuckyNumber>29</LuckyNumber>
  </Contact>
  <Contact>
    <Id>42</Id>
    <FirstName>Yxwy</FirstName>
    <LastName>Hyxteq</LastName>
    <Email>Yxwy_Hyxteq@gmail.com</Email>
    <LuckyNumber>90</LuckyNumber>
  </Contact>
  <Contact>
    <Id>43</Id>
    <FirstName>Pmpq</FirstName>
    <LastName>Sdtotp</LastName>
    <Email>Pmpq_Sdtotp@gmail.com</Email>
    <LuckyNumber>20</LuckyNumber>
  </Contact>
  <Contact>
    <Id>44</Id>
    <FirstName>Hqhg</FirstName>
    <LastName>Hzoryb</LastName>
    <Email>Hqhg_Hzoryb@gmail.com</Email>
    <LuckyNumber>74</LuckyNumber>
  </Contact>
  <Contact>
    <Id>45</Id>
    <FirstName>Iyet</FirstName>
    <LastName>Mfvcat</LastName>
    <Email>Iyet_Mfvcat@gmail.com</Email>
    <LuckyNumber>99</LuckyNumber>
  </Contact>
  <Contact>
    <Id>46</Id>
    <FirstName>Dhwx</FirstName>
    <LastName>Xvqeul</LastName>
    <Email>Dhwx_Xvqeul@gmail.com</Email>
    <LuckyNumber>70</LuckyNumber>
  </Contact>
  <Contact>
    <Id>47</Id>
    <FirstName>Tqfr</FirstName>
    <LastName>Aqyemr</LastName>
    <Email>Tqfr_Aqyemr@gmail.com</Email>
    <LuckyNumber>83</LuckyNumber>
  </Contact>
  <Contact>
    <Id>48</Id>
    <FirstName>Vdql</FirstName>
    <LastName>Yrotro</LastName>
    <Email>Vdql_Yrotro@gmail.com</Email>
    <LuckyNumber>44</LuckyNumber>
  </Contact>
  <Contact>
    <Id>49</Id>
    <FirstName>Hnzj</FirstName>
    <LastName>Kbtbuh</LastName>
    <Email>Hnzj_Kbtbuh@gmail.com</Email>
    <LuckyNumber>29</LuckyNumber>
  </Contact>
  <Contact>
    <Id>50</Id>
    <FirstName>Qfoo</FirstName>
    <LastName>Veedwh</LastName>
    <Email>Qfoo_Veedwh@gmail.com</Email>
    <LuckyNumber>31</LuckyNumber>
  </Contact>
  <Contact>
    <Id>51</Id>
    <FirstName>Hmth</FirstName>
    <LastName>Lwzpau</LastName>
    <Email>Hmth_Lwzpau@gmail.com</Email>
    <LuckyNumber>15</LuckyNumber>
  </Contact>
  <Contact>
    <Id>52</Id>
    <FirstName>Iiss</FirstName>
    <LastName>Rgxkkx</LastName>
    <Email>Iiss_Rgxkkx@gmail.com</Email>
    <LuckyNumber>54</LuckyNumber>
  </Contact>
  <Contact>
    <Id>53</Id>
    <FirstName>Onkx</FirstName>
    <LastName>Kvkoor</LastName>
    <Email>Onkx_Kvkoor@gmail.com</Email>
    <LuckyNumber>16</LuckyNumber>
  </Contact>
  <Contact>
    <Id>54</Id>
    <FirstName>Zfnp</FirstName>
    <LastName>Cpxbfg</LastName>
    <Email>Zfnp_Cpxbfg@gmail.com</Email>
    <LuckyNumber>52</LuckyNumber>
  </Contact>
  <Contact>
    <Id>55</Id>
    <FirstName>Mxfv</FirstName>
    <LastName>Cmyglw</LastName>
    <Email>Mxfv_Cmyglw@gmail.com</Email>
    <LuckyNumber>43</LuckyNumber>
  </Contact>
  <Contact>
    <Id>56</Id>
    <FirstName>Txfw</FirstName>
    <LastName>Oldfmf</LastName>
    <Email>Txfw_Oldfmf@gmail.com</Email>
    <LuckyNumber>46</LuckyNumber>
  </Contact>
  <Contact>
    <Id>57</Id>
    <FirstName>Eine</FirstName>
    <LastName>Bdinjr</LastName>
    <Email>Eine_Bdinjr@gmail.com</Email>
    <LuckyNumber>28</LuckyNumber>
  </Contact>
  <Contact>
    <Id>58</Id>
    <FirstName>Aans</FirstName>
    <LastName>Ptypig</LastName>
    <Email>Aans_Ptypig@gmail.com</Email>
    <LuckyNumber>29</LuckyNumber>
  </Contact>
  <Contact>
    <Id>59</Id>
    <FirstName>Olpk</FirstName>
    <LastName>Gblxau</LastName>
    <Email>Olpk_Gblxau@gmail.com</Email>
    <LuckyNumber>29</LuckyNumber>
  </Contact>
  <Contact>
    <Id>60</Id>
    <FirstName>Aswi</FirstName>
    <LastName>Ykvyxn</LastName>
    <Email>Aswi_Ykvyxn@gmail.com</Email>
    <LuckyNumber>73</LuckyNumber>
  </Contact>
  <Contact>
    <Id>61</Id>
    <FirstName>Mxei</FirstName>
    <LastName>Vwkgxx</LastName>
    <Email>Mxei_Vwkgxx@gmail.com</Email>
    <LuckyNumber>22</LuckyNumber>
  </Contact>
  <Contact>
    <Id>62</Id>
    <FirstName>Wubp</FirstName>
    <LastName>Rwgclr</LastName>
    <Email>Wubp_Rwgclr@gmail.com</Email>
    <LuckyNumber>49</LuckyNumber>
  </Contact>
  <Contact>
    <Id>63</Id>
    <FirstName>Tavv</FirstName>
    <LastName>Guntki</LastName>
    <Email>Tavv_Guntki@gmail.com</Email>
    <LuckyNumber>78</LuckyNumber>
  </Contact>
  <Contact>
    <Id>64</Id>
    <FirstName>Vzsf</FirstName>
    <LastName>Xfontx</LastName>
    <Email>Vzsf_Xfontx@gmail.com</Email>
    <LuckyNumber>38</LuckyNumber>
  </Contact>
  <Contact>
    <Id>65</Id>
    <FirstName>Uwch</FirstName>
    <LastName>Isyrvb</LastName>
    <Email>Uwch_Isyrvb@gmail.com</Email>
    <LuckyNumber>6</LuckyNumber>
  </Contact>
  <Contact>
    <Id>66</Id>
    <FirstName>Zden</FirstName>
    <LastName>Aqptdn</LastName>
    <Email>Zden_Aqptdn@gmail.com</Email>
    <LuckyNumber>89</LuckyNumber>
  </Contact>
  <Contact>
    <Id>67</Id>
    <FirstName>Cycx</FirstName>
    <LastName>Mybnyy</LastName>
    <Email>Cycx_Mybnyy@gmail.com</Email>
    <LuckyNumber>61</LuckyNumber>
  </Contact>
  <Contact>
    <Id>68</Id>
    <FirstName>Jfzs</FirstName>
    <LastName>Zmvvtm</LastName>
    <Email>Jfzs_Zmvvtm@gmail.com</Email>
    <LuckyNumber>73</LuckyNumber>
  </Contact>
  <Contact>
    <Id>69</Id>
    <FirstName>Uzoa</FirstName>
    <LastName>Kfyxzt</LastName>
    <Email>Uzoa_Kfyxzt@gmail.com</Email>
    <LuckyNumber>85</LuckyNumber>
  </Contact>
  <Contact>
    <Id>70</Id>
    <FirstName>Xtef</FirstName>
    <LastName>Lgzphc</LastName>
    <Email>Xtef_Lgzphc@gmail.com</Email>
    <LuckyNumber>11</LuckyNumber>
  </Contact>
  <Contact>
    <Id>71</Id>
    <FirstName>Juzo</FirstName>
    <LastName>Irdyhu</LastName>
    <Email>Juzo_Irdyhu@gmail.com</Email>
    <LuckyNumber>40</LuckyNumber>
  </Contact>
  <Contact>
    <Id>72</Id>
    <FirstName>Jeci</FirstName>
    <LastName>Mowpby</LastName>
    <Email>Jeci_Mowpby@gmail.com</Email>
    <LuckyNumber>84</LuckyNumber>
  </Contact>
  <Contact>
    <Id>73</Id>
    <FirstName>Nhfn</FirstName>
    <LastName>Tbpvdf</LastName>
    <Email>Nhfn_Tbpvdf@gmail.com</Email>
    <LuckyNumber>61</LuckyNumber>
  </Contact>
  <Contact>
    <Id>74</Id>
    <FirstName>Rpta</FirstName>
    <LastName>Wwhubm</LastName>
    <Email>Rpta_Wwhubm@gmail.com</Email>
    <LuckyNumber>6</LuckyNumber>
  </Contact>
  <Contact>
    <Id>75</Id>
    <FirstName>Nkzc</FirstName>
    <LastName>Ctltsb</LastName>
    <Email>Nkzc_Ctltsb@gmail.com</Email>
    <LuckyNumber>15</LuckyNumber>
  </Contact>
  <Contact>
    <Id>76</Id>
    <FirstName>Nhsi</FirstName>
    <LastName>Uxbjmr</LastName>
    <Email>Nhsi_Uxbjmr@gmail.com</Email>
    <LuckyNumber>20</LuckyNumber>
  </Contact>
  <Contact>
    <Id>77</Id>
    <FirstName>Tmnp</FirstName>
    <LastName>Lszigx</LastName>
    <Email>Tmnp_Lszigx@gmail.com</Email>
    <LuckyNumber>38</LuckyNumber>
  </Contact>
  <Contact>
    <Id>78</Id>
    <FirstName>Luvo</FirstName>
    <LastName>Rzvkkm</LastName>
    <Email>Luvo_Rzvkkm@gmail.com</Email>
    <LuckyNumber>54</LuckyNumber>
  </Contact>
  <Contact>
    <Id>79</Id>
    <FirstName>Nbmi</FirstName>
    <LastName>Ncjssa</LastName>
    <Email>Nbmi_Ncjssa@gmail.com</Email>
    <LuckyNumber>39</LuckyNumber>
  </Contact>
  <Contact>
    <Id>80</Id>
    <FirstName>Iqmp</FirstName>
    <LastName>Mistkv</LastName>
    <Email>Iqmp_Mistkv@gmail.com</Email>
    <LuckyNumber>26</LuckyNumber>
  </Contact>
  <Contact>
    <Id>81</Id>
    <FirstName>Evyn</FirstName>
    <LastName>Ggcobh</LastName>
    <Email>Evyn_Ggcobh@gmail.com</Email>
    <LuckyNumber>70</LuckyNumber>
  </Contact>
  <Contact>
    <Id>82</Id>
    <FirstName>Fzlc</FirstName>
    <LastName>Dfwyoe</LastName>
    <Email>Fzlc_Dfwyoe@gmail.com</Email>
    <LuckyNumber>38</LuckyNumber>
  </Contact>
  <Contact>
    <Id>83</Id>
    <FirstName>Bmeb</FirstName>
    <LastName>Bmmrqc</LastName>
    <Email>Bmeb_Bmmrqc@gmail.com</Email>
    <LuckyNumber>72</LuckyNumber>
  </Contact>
  <Contact>
    <Id>84</Id>
    <FirstName>Gxrj</FirstName>
    <LastName>Zwdqey</LastName>
    <Email>Gxrj_Zwdqey@gmail.com</Email>
    <LuckyNumber>12</LuckyNumber>
  </Contact>
  <Contact>
    <Id>85</Id>
    <FirstName>Plne</FirstName>
    <LastName>Kenxlh</LastName>
    <Email>Plne_Kenxlh@gmail.com</Email>
    <LuckyNumber>9</LuckyNumber>
  </Contact>
  <Contact>
    <Id>86</Id>
    <FirstName>Utmj</FirstName>
    <LastName>Eepbjq</LastName>
    <Email>Utmj_Eepbjq@gmail.com</Email>
    <LuckyNumber>60</LuckyNumber>
  </Contact>
  <Contact>
    <Id>87</Id>
    <FirstName>Msnl</FirstName>
    <LastName>Tgzuyz</LastName>
    <Email>Msnl_Tgzuyz@gmail.com</Email>
    <LuckyNumber>43</LuckyNumber>
  </Contact>
  <Contact>
    <Id>88</Id>
    <FirstName>Ywsn</FirstName>
    <LastName>Xcietq</LastName>
    <Email>Ywsn_Xcietq@gmail.com</Email>
    <LuckyNumber>45</LuckyNumber>
  </Contact>
  <Contact>
    <Id>89</Id>
    <FirstName>Edxx</FirstName>
    <LastName>Pryadp</LastName>
    <Email>Edxx_Pryadp@gmail.com</Email>
    <LuckyNumber>48</LuckyNumber>
  </Contact>
  <Contact>
    <Id>90</Id>
    <FirstName>Ayvq</FirstName>
    <LastName>Ykhxri</LastName>
    <Email>Ayvq_Ykhxri@gmail.com</Email>
    <LuckyNumber>10</LuckyNumber>
  </Contact>
  <Contact>
    <Id>91</Id>
    <FirstName>Jupq</FirstName>
    <LastName>Rhnsex</LastName>
    <Email>Jupq_Rhnsex@gmail.com</Email>
    <LuckyNumber>95</LuckyNumber>
  </Contact>
  <Contact>
    <Id>92</Id>
    <FirstName>Anko</FirstName>
    <LastName>Wqhvxw</LastName>
    <Email>Anko_Wqhvxw@gmail.com</Email>
    <LuckyNumber>84</LuckyNumber>
  </Contact>
  <Contact>
    <Id>93</Id>
    <FirstName>Mwts</FirstName>
    <LastName>Gdxxwz</LastName>
    <Email>Mwts_Gdxxwz@gmail.com</Email>
    <LuckyNumber>11</LuckyNumber>
  </Contact>
  <Contact>
    <Id>94</Id>
    <FirstName>Cuch</FirstName>
    <LastName>Yarmkk</LastName>
    <Email>Cuch_Yarmkk@gmail.com</Email>
    <LuckyNumber>59</LuckyNumber>
  </Contact>
  <Contact>
    <Id>95</Id>
    <FirstName>Bxhf</FirstName>
    <LastName>Koqpvl</LastName>
    <Email>Bxhf_Koqpvl@gmail.com</Email>
    <LuckyNumber>22</LuckyNumber>
  </Contact>
  <Contact>
    <Id>96</Id>
    <FirstName>Nitw</FirstName>
    <LastName>Zakvha</LastName>
    <Email>Nitw_Zakvha@gmail.com</Email>
    <LuckyNumber>96</LuckyNumber>
  </Contact>
  <Contact>
    <Id>97</Id>
    <FirstName>Ylql</FirstName>
    <LastName>Orhelm</LastName>
    <Email>Ylql_Orhelm@gmail.com</Email>
    <LuckyNumber>43</LuckyNumber>
  </Contact>
  <Contact>
    <Id>98</Id>
    <FirstName>Xuwl</FirstName>
    <LastName>Bsjgge</LastName>
    <Email>Xuwl_Bsjgge@gmail.com</Email>
    <LuckyNumber>68</LuckyNumber>
  </Contact>
  <Contact>
    <Id>99</Id>
    <FirstName>Whtn</FirstName>
    <LastName>Cbrbod</LastName>
    <Email>Whtn_Cbrbod@gmail.com</Email>
    <LuckyNumber>55</LuckyNumber>
  </Contact>
  <Contact>
    <Id>100</Id>
    <FirstName>Czvp</FirstName>
    <LastName>Zzzirz</LastName>
    <Email>Czvp_Zzzirz@gmail.com</Email>
    <LuckyNumber>75</LuckyNumber>
  </Contact>
  <Contact>
    <Id>101</Id>
    <FirstName>Blza</FirstName>
    <LastName>Nzsmat</LastName>
    <Email>Blza_Nzsmat@gmail.com</Email>
    <LuckyNumber>80</LuckyNumber>
  </Contact>
  <Contact>
    <Id>102</Id>
    <FirstName>Gpjr</FirstName>
    <LastName>Apfnkx</LastName>
    <Email>Gpjr_Apfnkx@gmail.com</Email>
    <LuckyNumber>31</LuckyNumber>
  </Contact>
  <Contact>
    <Id>103</Id>
    <FirstName>Iswp</FirstName>
    <LastName>Msjhyn</LastName>
    <Email>Iswp_Msjhyn@gmail.com</Email>
    <LuckyNumber>70</LuckyNumber>
  </Contact>
  <Contact>
    <Id>104</Id>
    <FirstName>Cfio</FirstName>
    <LastName>Bnricc</LastName>
    <Email>Cfio_Bnricc@gmail.com</Email>
    <LuckyNumber>78</LuckyNumber>
  </Contact>
  <Contact>
    <Id>105</Id>
    <FirstName>Htgf</FirstName>
    <LastName>Hyjcep</LastName>
    <Email>Htgf_Hyjcep@gmail.com</Email>
    <LuckyNumber>85</LuckyNumber>
  </Contact>
  <Contact>
    <Id>106</Id>
    <FirstName>Tcge</FirstName>
    <LastName>Ymadtv</LastName>
    <Email>Tcge_Ymadtv@gmail.com</Email>
    <LuckyNumber>30</LuckyNumber>
  </Contact>
  <Contact>
    <Id>107</Id>
    <FirstName>Omei</FirstName>
    <LastName>Mosvbu</LastName>
    <Email>Omei_Mosvbu@gmail.com</Email>
    <LuckyNumber>22</LuckyNumber>
  </Contact>
  <Contact>
    <Id>108</Id>
    <FirstName>Olcj</FirstName>
    <LastName>Gkkxwi</LastName>
    <Email>Olcj_Gkkxwi@gmail.com</Email>
    <LuckyNumber>12</LuckyNumber>
  </Contact>
  <Contact>
    <Id>109</Id>
    <FirstName>Glfi</FirstName>
    <LastName>Wpfizi</LastName>
    <Email>Glfi_Wpfizi@gmail.com</Email>
    <LuckyNumber>97</LuckyNumber>
  </Contact>
  <Contact>
    <Id>110</Id>
    <FirstName>Zftb</FirstName>
    <LastName>Ymvkin</LastName>
    <Email>Zftb_Ymvkin@gmail.com</Email>
    <LuckyNumber>5</LuckyNumber>
  </Contact>
  <Contact>
    <Id>111</Id>
    <FirstName>Ooub</FirstName>
    <LastName>Ogpsvy</LastName>
    <Email>Ooub_Ogpsvy@gmail.com</Email>
    <LuckyNumber>95</LuckyNumber>
  </Contact>
  <Contact>
    <Id>112</Id>
    <FirstName>Lftd</FirstName>
    <LastName>Drcqtv</LastName>
    <Email>Lftd_Drcqtv@gmail.com</Email>
    <LuckyNumber>88</LuckyNumber>
  </Contact>
  <Contact>
    <Id>113</Id>
    <FirstName>Olxp</FirstName>
    <LastName>Flxcma</LastName>
    <Email>Olxp_Flxcma@gmail.com</Email>
    <LuckyNumber>59</LuckyNumber>
  </Contact>
  <Contact>
    <Id>114</Id>
    <FirstName>Fxrn</FirstName>
    <LastName>Uaytgm</LastName>
    <Email>Fxrn_Uaytgm@gmail.com</Email>
    <LuckyNumber>4</LuckyNumber>
  </Contact>
  <Contact>
    <Id>115</Id>
    <FirstName>Atoi</FirstName>
    <LastName>Vidhsu</LastName>
    <Email>Atoi_Vidhsu@gmail.com</Email>
    <LuckyNumber>22</LuckyNumber>
  </Contact>
  <Contact>
    <Id>116</Id>
    <FirstName>Rzje</FirstName>
    <LastName>Zbdvtm</LastName>
    <Email>Rzje_Zbdvtm@gmail.com</Email>
    <LuckyNumber>94</LuckyNumber>
  </Contact>
  <Contact>
    <Id>117</Id>
    <FirstName>Vzwl</FirstName>
    <LastName>Qwbrzp</LastName>
    <Email>Vzwl_Qwbrzp@gmail.com</Email>
    <LuckyNumber>39</LuckyNumber>
  </Contact>
  <Contact>
    <Id>118</Id>
    <FirstName>Nlda</FirstName>
    <LastName>Wpozeh</LastName>
    <Email>Nlda_Wpozeh@gmail.com</Email>
    <LuckyNumber>81</LuckyNumber>
  </Contact>
  <Contact>
    <Id>119</Id>
    <FirstName>Zfre</FirstName>
    <LastName>Qbxplt</LastName>
    <Email>Zfre_Qbxplt@gmail.com</Email>
    <LuckyNumber>57</LuckyNumber>
  </Contact>
  <Contact>
    <Id>120</Id>
    <FirstName>Cyom</FirstName>
    <LastName>Ksgfbu</LastName>
    <Email>Cyom_Ksgfbu@gmail.com</Email>
    <LuckyNumber>64</LuckyNumber>
  </Contact>
  <Contact>
    <Id>121</Id>
    <FirstName>Glya</FirstName>
    <LastName>Yength</LastName>
    <Email>Glya_Yength@gmail.com</Email>
    <LuckyNumber>66</LuckyNumber>
  </Contact>
  <Contact>
    <Id>122</Id>
    <FirstName>Azqt</FirstName>
    <LastName>Mgatkd</LastName>
    <Email>Azqt_Mgatkd@gmail.com</Email>
    <LuckyNumber>63</LuckyNumber>
  </Contact>
  <Contact>
    <Id>123</Id>
    <FirstName>Zifm</FirstName>
    <LastName>Kfwsyf</LastName>
    <Email>Zifm_Kfwsyf@gmail.com</Email>
    <LuckyNumber>3</LuckyNumber>
  </Contact>
  <Contact>
    <Id>124</Id>
    <FirstName>Jzgg</FirstName>
    <LastName>Qcscfz</LastName>
    <Email>Jzgg_Qcscfz@gmail.com</Email>
    <LuckyNumber>28</LuckyNumber>
  </Contact>
  <Contact>
    <Id>125</Id>
    <FirstName>Kxov</FirstName>
    <LastName>Qfafhk</LastName>
    <Email>Kxov_Qfafhk@gmail.com</Email>
    <LuckyNumber>50</LuckyNumber>
  </Contact>
  <Contact>
    <Id>126</Id>
    <FirstName>Qmpu</FirstName>
    <LastName>Mtijbi</LastName>
    <Email>Qmpu_Mtijbi@gmail.com</Email>
    <LuckyNumber>44</LuckyNumber>
  </Contact>
  <Contact>
    <Id>127</Id>
    <FirstName>Aqrn</FirstName>
    <LastName>Gqxbiy</LastName>
    <Email>Aqrn_Gqxbiy@gmail.com</Email>
    <LuckyNumber>64</LuckyNumber>
  </Contact>
  <Contact>
    <Id>128</Id>
    <FirstName>Ryix</FirstName>
    <LastName>Opqsty</LastName>
    <Email>Ryix_Opqsty@gmail.com</Email>
    <LuckyNumber>62</LuckyNumber>
  </Contact>
  <Contact>
    <Id>129</Id>
    <FirstName>Witq</FirstName>
    <LastName>Vqytvy</LastName>
    <Email>Witq_Vqytvy@gmail.com</Email>
    <LuckyNumber>95</LuckyNumber>
  </Contact>
  <Contact>
    <Id>130</Id>
    <FirstName>Zxye</FirstName>
    <LastName>Czkhgc</LastName>
    <Email>Zxye_Czkhgc@gmail.com</Email>
    <LuckyNumber>55</LuckyNumber>
  </Contact>
  <Contact>
    <Id>131</Id>
    <FirstName>Zurm</FirstName>
    <LastName>Oftsjo</LastName>
    <Email>Zurm_Oftsjo@gmail.com</Email>
    <LuckyNumber>49</LuckyNumber>
  </Contact>
  <Contact>
    <Id>132</Id>
    <FirstName>Juiu</FirstName>
    <LastName>Pugcod</LastName>
    <Email>Juiu_Pugcod@gmail.com</Email>
    <LuckyNumber>71</LuckyNumber>
  </Contact>
  <Contact>
    <Id>133</Id>
    <FirstName>Syky</FirstName>
    <LastName>Kmrhms</LastName>
    <Email>Syky_Kmrhms@gmail.com</Email>
    <LuckyNumber>54</LuckyNumber>
  </Contact>
  <Contact>
    <Id>134</Id>
    <FirstName>Ijyz</FirstName>
    <LastName>Ibtadp</LastName>
    <Email>Ijyz_Ibtadp@gmail.com</Email>
    <LuckyNumber>39</LuckyNumber>
  </Contact>
  <Contact>
    <Id>135</Id>
    <FirstName>Mnew</FirstName>
    <LastName>Ijpado</LastName>
    <Email>Mnew_Ijpado@gmail.com</Email>
    <LuckyNumber>43</LuckyNumber>
  </Contact>
  <Contact>
    <Id>136</Id>
    <FirstName>Hbsc</FirstName>
    <LastName>Pvgabc</LastName>
    <Email>Hbsc_Pvgabc@gmail.com</Email>
    <LuckyNumber>78</LuckyNumber>
  </Contact>
  <Contact>
    <Id>137</Id>
    <FirstName>Vlyv</FirstName>
    <LastName>Pmfina</LastName>
    <Email>Vlyv_Pmfina@gmail.com</Email>
    <LuckyNumber>12</LuckyNumber>
  </Contact>
  <Contact>
    <Id>138</Id>
    <FirstName>Ilxu</FirstName>
    <LastName>Nehslo</LastName>
    <Email>Ilxu_Nehslo@gmail.com</Email>
    <LuckyNumber>99</LuckyNumber>
  </Contact>
  <Contact>
    <Id>139</Id>
    <FirstName>Xcwh</FirstName>
    <LastName>Glyuco</LastName>
    <Email>Xcwh_Glyuco@gmail.com</Email>
    <LuckyNumber>30</LuckyNumber>
  </Contact>
  <Contact>
    <Id>140</Id>
    <FirstName>Srsx</FirstName>
    <LastName>Mucvva</LastName>
    <Email>Srsx_Mucvva@gmail.com</Email>
    <LuckyNumber>42</LuckyNumber>
  </Contact>
  <Contact>
    <Id>141</Id>
    <FirstName>Etgf</FirstName>
    <LastName>Vhctiq</LastName>
    <Email>Etgf_Vhctiq@gmail.com</Email>
    <LuckyNumber>24</LuckyNumber>
  </Contact>
  <Contact>
    <Id>142</Id>
    <FirstName>Vowz</FirstName>
    <LastName>Igtjty</LastName>
    <Email>Vowz_Igtjty@gmail.com</Email>
    <LuckyNumber>57</LuckyNumber>
  </Contact>
  <Contact>
    <Id>143</Id>
    <FirstName>Btfc</FirstName>
    <LastName>Prnqqs</LastName>
    <Email>Btfc_Prnqqs@gmail.com</Email>
    <LuckyNumber>96</LuckyNumber>
  </Contact>
  <Contact>
    <Id>144</Id>
    <FirstName>Myda</FirstName>
    <LastName>Aqrrif</LastName>
    <Email>Myda_Aqrrif@gmail.com</Email>
    <LuckyNumber>66</LuckyNumber>
  </Contact>
  <Contact>
    <Id>145</Id>
    <FirstName>Mvdb</FirstName>
    <LastName>Nlvcmh</LastName>
    <Email>Mvdb_Nlvcmh@gmail.com</Email>
    <LuckyNumber>50</LuckyNumber>
  </Contact>
  <Contact>
    <Id>146</Id>
    <FirstName>Psnz</FirstName>
    <LastName>Srlfsa</LastName>
    <Email>Psnz_Srlfsa@gmail.com</Email>
    <LuckyNumber>51</LuckyNumber>
  </Contact>
  <Contact>
    <Id>147</Id>
    <FirstName>Wcyv</FirstName>
    <LastName>Ifcsbp</LastName>
    <Email>Wcyv_Ifcsbp@gmail.com</Email>
    <LuckyNumber>36</LuckyNumber>
  </Contact>
  <Contact>
    <Id>148</Id>
    <FirstName>Jhjy</FirstName>
    <LastName>Oecung</LastName>
    <Email>Jhjy_Oecung@gmail.com</Email>
    <LuckyNumber>68</LuckyNumber>
  </Contact>
  <Contact>
    <Id>149</Id>
    <FirstName>Zjln</FirstName>
    <LastName>Bxzgdn</LastName>
    <Email>Zjln_Bxzgdn@gmail.com</Email>
    <LuckyNumber>65</LuckyNumber>
  </Contact>
  <Contact>
    <Id>150</Id>
    <FirstName>Yyad</FirstName>
    <LastName>Rdpztf</LastName>
    <Email>Yyad_Rdpztf@gmail.com</Email>
    <LuckyNumber>91</LuckyNumber>
  </Contact>
  <Contact>
    <Id>151</Id>
    <FirstName>Fifq</FirstName>
    <LastName>Udgdym</LastName>
    <Email>Fifq_Udgdym@gmail.com</Email>
    <LuckyNumber>25</LuckyNumber>
  </Contact>
  <Contact>
    <Id>152</Id>
    <FirstName>Fdpk</FirstName>
    <LastName>Ueesvm</LastName>
    <Email>Fdpk_Ueesvm@gmail.com</Email>
    <LuckyNumber>85</LuckyNumber>
  </Contact>
  <Contact>
    <Id>153</Id>
    <FirstName>Sikx</FirstName>
    <LastName>Lnzenn</LastName>
    <Email>Sikx_Lnzenn@gmail.com</Email>
    <LuckyNumber>47</LuckyNumber>
  </Contact>
  <Contact>
    <Id>154</Id>
    <FirstName>Bddh</FirstName>
    <LastName>Ldvzzo</LastName>
    <Email>Bddh_Ldvzzo@gmail.com</Email>
    <LuckyNumber>18</LuckyNumber>
  </Contact>
  <Contact>
    <Id>155</Id>
    <FirstName>Stxo</FirstName>
    <LastName>Gilvak</LastName>
    <Email>Stxo_Gilvak@gmail.com</Email>
    <LuckyNumber>45</LuckyNumber>
  </Contact>
  <Contact>
    <Id>156</Id>
    <FirstName>Jpxf</FirstName>
    <LastName>Wstdty</LastName>
    <Email>Jpxf_Wstdty@gmail.com</Email>
    <LuckyNumber>74</LuckyNumber>
  </Contact>
  <Contact>
    <Id>157</Id>
    <FirstName>Sclh</FirstName>
    <LastName>Ntbxvm</LastName>
    <Email>Sclh_Ntbxvm@gmail.com</Email>
    <LuckyNumber>29</LuckyNumber>
  </Contact>
  <Contact>
    <Id>158</Id>
    <FirstName>Opqa</FirstName>
    <LastName>Xgrtsm</LastName>
    <Email>Opqa_Xgrtsm@gmail.com</Email>
    <LuckyNumber>9</LuckyNumber>
  </Contact>
  <Contact>
    <Id>159</Id>
    <FirstName>Punk</FirstName>
    <LastName>Fhdgvv</LastName>
    <Email>Punk_Fhdgvv@gmail.com</Email>
    <LuckyNumber>25</LuckyNumber>
  </Contact>
  <Contact>
    <Id>160</Id>
    <FirstName>Zavc</FirstName>
    <LastName>Zurudo</LastName>
    <Email>Zavc_Zurudo@gmail.com</Email>
    <LuckyNumber>98</LuckyNumber>
  </Contact>
  <Contact>
    <Id>161</Id>
    <FirstName>Caho</FirstName>
    <LastName>Vvnmaf</LastName>
    <Email>Caho_Vvnmaf@gmail.com</Email>
    <LuckyNumber>27</LuckyNumber>
  </Contact>
  <Contact>
    <Id>162</Id>
    <FirstName>Qmrt</FirstName>
    <LastName>Cntupq</LastName>
    <Email>Qmrt_Cntupq@gmail.com</Email>
    <LuckyNumber>47</LuckyNumber>
  </Contact>
  <Contact>
    <Id>163</Id>
    <FirstName>Hqpf</FirstName>
    <LastName>Uhwbyi</LastName>
    <Email>Hqpf_Uhwbyi@gmail.com</Email>
    <LuckyNumber>53</LuckyNumber>
  </Contact>
  <Contact>
    <Id>164</Id>
    <FirstName>Qsmd</FirstName>
    <LastName>Qlitju</LastName>
    <Email>Qsmd_Qlitju@gmail.com</Email>
    <LuckyNumber>3</LuckyNumber>
  </Contact>
  <Contact>
    <Id>165</Id>
    <FirstName>Skil</FirstName>
    <LastName>Fsdajy</LastName>
    <Email>Skil_Fsdajy@gmail.com</Email>
    <LuckyNumber>36</LuckyNumber>
  </Contact>
  <Contact>
    <Id>166</Id>
    <FirstName>Ptqy</FirstName>
    <LastName>Qagqzh</LastName>
    <Email>Ptqy_Qagqzh@gmail.com</Email>
    <LuckyNumber>93</LuckyNumber>
  </Contact>
  <Contact>
    <Id>167</Id>
    <FirstName>Cwzg</FirstName>
    <LastName>Ywimwh</LastName>
    <Email>Cwzg_Ywimwh@gmail.com</Email>
    <LuckyNumber>68</LuckyNumber>
  </Contact>
  <Contact>
    <Id>168</Id>
    <FirstName>Hyfw</FirstName>
    <LastName>Jbdxxz</LastName>
    <Email>Hyfw_Jbdxxz@gmail.com</Email>
    <LuckyNumber>59</LuckyNumber>
  </Contact>
  <Contact>
    <Id>169</Id>
    <FirstName>Gctn</FirstName>
    <LastName>Suhmsv</LastName>
    <Email>Gctn_Suhmsv@gmail.com</Email>
    <LuckyNumber>74</LuckyNumber>
  </Contact>
  <Contact>
    <Id>170</Id>
    <FirstName>Uhml</FirstName>
    <LastName>Ztgsxc</LastName>
    <Email>Uhml_Ztgsxc@gmail.com</Email>
    <LuckyNumber>9</LuckyNumber>
  </Contact>
  <Contact>
    <Id>171</Id>
    <FirstName>Xlst</FirstName>
    <LastName>Urembj</LastName>
    <Email>Xlst_Urembj@gmail.com</Email>
    <LuckyNumber>95</LuckyNumber>
  </Contact>
  <Contact>
    <Id>172</Id>
    <FirstName>Npwm</FirstName>
    <LastName>Lenejo</LastName>
    <Email>Npwm_Lenejo@gmail.com</Email>
    <LuckyNumber>86</LuckyNumber>
  </Contact>
  <Contact>
    <Id>173</Id>
    <FirstName>Oeyj</FirstName>
    <LastName>Xbkrfc</LastName>
    <Email>Oeyj_Xbkrfc@gmail.com</Email>
    <LuckyNumber>51</LuckyNumber>
  </Contact>
  <Contact>
    <Id>174</Id>
    <FirstName>Eeiv</FirstName>
    <LastName>Zaqigt</LastName>
    <Email>Eeiv_Zaqigt@gmail.com</Email>
    <LuckyNumber>36</LuckyNumber>
  </Contact>
  <Contact>
    <Id>175</Id>
    <FirstName>Vtxp</FirstName>
    <LastName>Mhbess</LastName>
    <Email>Vtxp_Mhbess@gmail.com</Email>
    <LuckyNumber>53</LuckyNumber>
  </Contact>
  <Contact>
    <Id>176</Id>
    <FirstName>Bxnu</FirstName>
    <LastName>Ktccke</LastName>
    <Email>Bxnu_Ktccke@gmail.com</Email>
    <LuckyNumber>87</LuckyNumber>
  </Contact>
  <Contact>
    <Id>177</Id>
    <FirstName>Akse</FirstName>
    <LastName>Qfnobh</LastName>
    <Email>Akse_Qfnobh@gmail.com</Email>
    <LuckyNumber>11</LuckyNumber>
  </Contact>
  <Contact>
    <Id>178</Id>
    <FirstName>Eiem</FirstName>
    <LastName>Ipcpaj</LastName>
    <Email>Eiem_Ipcpaj@gmail.com</Email>
    <LuckyNumber>80</LuckyNumber>
  </Contact>
  <Contact>
    <Id>179</Id>
    <FirstName>Rdkh</FirstName>
    <LastName>Epwfej</LastName>
    <Email>Rdkh_Epwfej@gmail.com</Email>
    <LuckyNumber>19</LuckyNumber>
  </Contact>
  <Contact>
    <Id>180</Id>
    <FirstName>Ytmw</FirstName>
    <LastName>Hrwreq</LastName>
    <Email>Ytmw_Hrwreq@gmail.com</Email>
    <LuckyNumber>23</LuckyNumber>
  </Contact>
  <Contact>
    <Id>181</Id>
    <FirstName>Ysep</FirstName>
    <LastName>Ylnzve</LastName>
    <Email>Ysep_Ylnzve@gmail.com</Email>
    <LuckyNumber>51</LuckyNumber>
  </Contact>
  <Contact>
    <Id>182</Id>
    <FirstName>Ftpu</FirstName>
    <LastName>Jbxrwd</LastName>
    <Email>Ftpu_Jbxrwd@gmail.com</Email>
    <LuckyNumber>73</LuckyNumber>
  </Contact>
  <Contact>
    <Id>183</Id>
    <FirstName>Zklz</FirstName>
    <LastName>Lhlsif</LastName>
    <Email>Zklz_Lhlsif@gmail.com</Email>
    <LuckyNumber>16</LuckyNumber>
  </Contact>
  <Contact>
    <Id>184</Id>
    <FirstName>Lerc</FirstName>
    <LastName>Oqlreo</LastName>
    <Email>Lerc_Oqlreo@gmail.com</Email>
    <LuckyNumber>3</LuckyNumber>
  </Contact>
  <Contact>
    <Id>185</Id>
    <FirstName>Lnth</FirstName>
    <LastName>Nhvtmu</LastName>
    <Email>Lnth_Nhvtmu@gmail.com</Email>
    <LuckyNumber>8</LuckyNumber>
  </Contact>
  <Contact>
    <Id>186</Id>
    <FirstName>Fsud</FirstName>
    <LastName>Zzfocv</LastName>
    <Email>Fsud_Zzfocv@gmail.com</Email>
    <LuckyNumber>31</LuckyNumber>
  </Contact>
  <Contact>
    <Id>187</Id>
    <FirstName>Bikc</FirstName>
    <LastName>Hmggez</LastName>
    <Email>Bikc_Hmggez@gmail.com</Email>
    <LuckyNumber>17</LuckyNumber>
  </Contact>
  <Contact>
    <Id>188</Id>
    <FirstName>Zyyf</FirstName>
    <LastName>Eudxps</LastName>
    <Email>Zyyf_Eudxps@gmail.com</Email>
    <LuckyNumber>37</LuckyNumber>
  </Contact>
  <Contact>
    <Id>189</Id>
    <FirstName>Jyyh</FirstName>
    <LastName>Lrlmpm</LastName>
    <Email>Jyyh_Lrlmpm@gmail.com</Email>
    <LuckyNumber>22</LuckyNumber>
  </Contact>
  <Contact>
    <Id>190</Id>
    <FirstName>Dmlw</FirstName>
    <LastName>Kaimfp</LastName>
    <Email>Dmlw_Kaimfp@gmail.com</Email>
    <LuckyNumber>10</LuckyNumber>
  </Contact>
  <Contact>
    <Id>191</Id>
    <FirstName>Btvf</FirstName>
    <LastName>Tukleg</LastName>
    <Email>Btvf_Tukleg@gmail.com</Email>
    <LuckyNumber>59</LuckyNumber>
  </Contact>
  <Contact>
    <Id>192</Id>
    <FirstName>Rzmd</FirstName>
    <LastName>Zbpvrj</LastName>
    <Email>Rzmd_Zbpvrj@gmail.com</Email>
    <LuckyNumber>69</LuckyNumber>
  </Contact>
  <Contact>
    <Id>193</Id>
    <FirstName>Tvmu</FirstName>
    <LastName>Ijcocn</LastName>
    <Email>Tvmu_Ijcocn@gmail.com</Email>
    <LuckyNumber>76</LuckyNumber>
  </Contact>
  <Contact>
    <Id>194</Id>
    <FirstName>Gxfl</FirstName>
    <LastName>Fyqbeh</LastName>
    <Email>Gxfl_Fyqbeh@gmail.com</Email>
    <LuckyNumber>98</LuckyNumber>
  </Contact>
  <Contact>
    <Id>195</Id>
    <FirstName>Nulk</FirstName>
    <LastName>Gbhxkx</LastName>
    <Email>Nulk_Gbhxkx@gmail.com</Email>
    <LuckyNumber>71</LuckyNumber>
  </Contact>
  <Contact>
    <Id>196</Id>
    <FirstName>Jaas</FirstName>
    <LastName>Ymaipd</LastName>
    <Email>Jaas_Ymaipd@gmail.com</Email>
    <LuckyNumber>8</LuckyNumber>
  </Contact>
  <Contact>
    <Id>197</Id>
    <FirstName>Ysoy</FirstName>
    <LastName>Nvreqf</LastName>
    <Email>Ysoy_Nvreqf@gmail.com</Email>
    <LuckyNumber>39</LuckyNumber>
  </Contact>
  <Contact>
    <Id>198</Id>
    <FirstName>Uhsi</FirstName>
    <LastName>Ycbhed</LastName>
    <Email>Uhsi_Ycbhed@gmail.com</Email>
    <LuckyNumber>83</LuckyNumber>
  </Contact>
  <Contact>
    <Id>199</Id>
    <FirstName>Nofl</FirstName>
    <LastName>Mzeavs</LastName>
    <Email>Nofl_Mzeavs@gmail.com</Email>
    <LuckyNumber>84</LuckyNumber>
  </Contact>
  <Contact>
    <Id>200</Id>
    <FirstName>Lwtv</FirstName>
    <LastName>Inmgfh</LastName>
    <Email>Lwtv_Inmgfh@gmail.com</Email>
    <LuckyNumber>49</LuckyNumber>
  </Contact>
  <Contact>
    <Id>201</Id>
    <FirstName>Yfsa</FirstName>
    <LastName>Pnyhiy</LastName>
    <Email>Yfsa_Pnyhiy@gmail.com</Email>
    <LuckyNumber>95</LuckyNumber>
  </Contact>
  <Contact>
    <Id>202</Id>
    <FirstName>Ceat</FirstName>
    <LastName>Cirapk</LastName>
    <Email>Ceat_Cirapk@gmail.com</Email>
    <LuckyNumber>68</LuckyNumber>
  </Contact>
  <Contact>
    <Id>203</Id>
    <FirstName>Yvwp</FirstName>
    <LastName>Duovyx</LastName>
    <Email>Yvwp_Duovyx@gmail.com</Email>
    <LuckyNumber>54</LuckyNumber>
  </Contact>
  <Contact>
    <Id>204</Id>
    <FirstName>Bpzs</FirstName>
    <LastName>Mjqcnk</LastName>
    <Email>Bpzs_Mjqcnk@gmail.com</Email>
    <LuckyNumber>88</LuckyNumber>
  </Contact>
  <Contact>
    <Id>205</Id>
    <FirstName>Ntov</FirstName>
    <LastName>Okdpfs</LastName>
    <Email>Ntov_Okdpfs@gmail.com</Email>
    <LuckyNumber>8</LuckyNumber>
  </Contact>
  <Contact>
    <Id>206</Id>
    <FirstName>Hhxe</FirstName>
    <LastName>Akdtna</LastName>
    <Email>Hhxe_Akdtna@gmail.com</Email>
    <LuckyNumber>5</LuckyNumber>
  </Contact>
  <Contact>
    <Id>207</Id>
    <FirstName>Odku</FirstName>
    <LastName>Kwhjmw</LastName>
    <Email>Odku_Kwhjmw@gmail.com</Email>
    <LuckyNumber>30</LuckyNumber>
  </Contact>
  <Contact>
    <Id>208</Id>
    <FirstName>Bicb</FirstName>
    <LastName>Hgdrjs</LastName>
    <Email>Bicb_Hgdrjs@gmail.com</Email>
    <LuckyNumber>84</LuckyNumber>
  </Contact>
  <Contact>
    <Id>209</Id>
    <FirstName>Zirv</FirstName>
    <LastName>Hjgzuw</LastName>
    <Email>Zirv_Hjgzuw@gmail.com</Email>
    <LuckyNumber>87</LuckyNumber>
  </Contact>
  <Contact>
    <Id>210</Id>
    <FirstName>Mfll</FirstName>
    <LastName>Tahhwf</LastName>
    <Email>Mfll_Tahhwf@gmail.com</Email>
    <LuckyNumber>19</LuckyNumber>
  </Contact>
  <Contact>
    <Id>211</Id>
    <FirstName>Zgoc</FirstName>
    <LastName>Zcwqvr</LastName>
    <Email>Zgoc_Zcwqvr@gmail.com</Email>
    <LuckyNumber>34</LuckyNumber>
  </Contact>
  <Contact>
    <Id>212</Id>
    <FirstName>Sdbc</FirstName>
    <LastName>Opxdnc</LastName>
    <Email>Sdbc_Opxdnc@gmail.com</Email>
    <LuckyNumber>41</LuckyNumber>
  </Contact>
  <Contact>
    <Id>213</Id>
    <FirstName>Ewwq</FirstName>
    <LastName>Wmckbw</LastName>
    <Email>Ewwq_Wmckbw@gmail.com</Email>
    <LuckyNumber>63</LuckyNumber>
  </Contact>
  <Contact>
    <Id>214</Id>
    <FirstName>Ujlg</FirstName>
    <LastName>Ekddea</LastName>
    <Email>Ujlg_Ekddea@gmail.com</Email>
    <LuckyNumber>22</LuckyNumber>
  </Contact>
  <Contact>
    <Id>215</Id>
    <FirstName>Dnhj</FirstName>
    <LastName>Rlsjss</LastName>
    <Email>Dnhj_Rlsjss@gmail.com</Email>
    <LuckyNumber>9</LuckyNumber>
  </Contact>
  <Contact>
    <Id>216</Id>
    <FirstName>Obsf</FirstName>
    <LastName>Jgjnlp</LastName>
    <Email>Obsf_Jgjnlp@gmail.com</Email>
    <LuckyNumber>49</LuckyNumber>
  </Contact>
  <Contact>
    <Id>217</Id>
    <FirstName>Bjsr</FirstName>
    <LastName>Iknaky</LastName>
    <Email>Bjsr_Iknaky@gmail.com</Email>
    <LuckyNumber>38</LuckyNumber>
  </Contact>
  <Contact>
    <Id>218</Id>
    <FirstName>Ztji</FirstName>
    <LastName>Nvqrrd</LastName>
    <Email>Ztji_Nvqrrd@gmail.com</Email>
    <LuckyNumber>93</LuckyNumber>
  </Contact>
  <Contact>
    <Id>219</Id>
    <FirstName>Suko</FirstName>
    <LastName>Zbwtqp</LastName>
    <Email>Suko_Zbwtqp@gmail.com</Email>
    <LuckyNumber>63</LuckyNumber>
  </Contact>
  <Contact>
    <Id>220</Id>
    <FirstName>Qlxq</FirstName>
    <LastName>Zdiwsi</LastName>
    <Email>Qlxq_Zdiwsi@gmail.com</Email>
    <LuckyNumber>15</LuckyNumber>
  </Contact>
  <Contact>
    <Id>221</Id>
    <FirstName>Eczw</FirstName>
    <LastName>Asowux</LastName>
    <Email>Eczw_Asowux@gmail.com</Email>
    <LuckyNumber>37</LuckyNumber>
  </Contact>
  <Contact>
    <Id>222</Id>
    <FirstName>Drxh</FirstName>
    <LastName>Ukldqh</LastName>
    <Email>Drxh_Ukldqh@gmail.com</Email>
    <LuckyNumber>79</LuckyNumber>
  </Contact>
  <Contact>
    <Id>223</Id>
    <FirstName>Icxl</FirstName>
    <LastName>Wvnjvk</LastName>
    <Email>Icxl_Wvnjvk@gmail.com</Email>
    <LuckyNumber>62</LuckyNumber>
  </Contact>
  <Contact>
    <Id>224</Id>
    <FirstName>Opho</FirstName>
    <LastName>Cbeftu</LastName>
    <Email>Opho_Cbeftu@gmail.com</Email>
    <LuckyNumber>72</LuckyNumber>
  </Contact>
  <Contact>
    <Id>225</Id>
    <FirstName>Ghgs</FirstName>
    <LastName>Sjxlpr</LastName>
    <Email>Ghgs_Sjxlpr@gmail.com</Email>
    <LuckyNumber>84</LuckyNumber>
  </Contact>
  <Contact>
    <Id>226</Id>
    <FirstName>Ktwy</FirstName>
    <LastName>Owsjkc</LastName>
    <Email>Ktwy_Owsjkc@gmail.com</Email>
    <LuckyNumber>97</LuckyNumber>
  </Contact>
  <Contact>
    <Id>227</Id>
    <FirstName>Nciz</FirstName>
    <LastName>Fikzln</LastName>
    <Email>Nciz_Fikzln@gmail.com</Email>
    <LuckyNumber>99</LuckyNumber>
  </Contact>
  <Contact>
    <Id>228</Id>
    <FirstName>Pvqf</FirstName>
    <LastName>Ddemku</LastName>
    <Email>Pvqf_Ddemku@gmail.com</Email>
    <LuckyNumber>96</LuckyNumber>
  </Contact>
  <Contact>
    <Id>229</Id>
    <FirstName>Sfns</FirstName>
    <LastName>Dmimkk</LastName>
    <Email>Sfns_Dmimkk@gmail.com</Email>
    <LuckyNumber>63</LuckyNumber>
  </Contact>
  <Contact>
    <Id>230</Id>
    <FirstName>Hudk</FirstName>
    <LastName>Sdoaqf</LastName>
    <Email>Hudk_Sdoaqf@gmail.com</Email>
    <LuckyNumber>31</LuckyNumber>
  </Contact>
  <Contact>
    <Id>231</Id>
    <FirstName>Kdai</FirstName>
    <LastName>Jspfys</LastName>
    <Email>Kdai_Jspfys@gmail.com</Email>
    <LuckyNumber>19</LuckyNumber>
  </Contact>
  <Contact>
    <Id>232</Id>
    <FirstName>Okcl</FirstName>
    <LastName>Nexqzd</LastName>
    <Email>Okcl_Nexqzd@gmail.com</Email>
    <LuckyNumber>59</LuckyNumber>
  </Contact>
  <Contact>
    <Id>233</Id>
    <FirstName>Zovb</FirstName>
    <LastName>Tkaxjd</LastName>
    <Email>Zovb_Tkaxjd@gmail.com</Email>
    <LuckyNumber>75</LuckyNumber>
  </Contact>
  <Contact>
    <Id>234</Id>
    <FirstName>Kvjr</FirstName>
    <LastName>Vcpxfm</LastName>
    <Email>Kvjr_Vcpxfm@gmail.com</Email>
    <LuckyNumber>93</LuckyNumber>
  </Contact>
  <Contact>
    <Id>235</Id>
    <FirstName>Cfth</FirstName>
    <LastName>Hqkdzg</LastName>
    <Email>Cfth_Hqkdzg@gmail.com</Email>
    <LuckyNumber>17</LuckyNumber>
  </Contact>
  <Contact>
    <Id>236</Id>
    <FirstName>Uemm</FirstName>
    <LastName>Iyeeaj</LastName>
    <Email>Uemm_Iyeeaj@gmail.com</Email>
    <LuckyNumber>4</LuckyNumber>
  </Contact>
  <Contact>
    <Id>238</Id>
    <FirstName>Blqi</FirstName>
    <LastName>Ldknge</LastName>
    <Email>Blqi_Ldknge@gmail.com</Email>
    <LuckyNumber>51</LuckyNumber>
  </Contact>
  <Contact>
    <Id>239</Id>
    <FirstName>Gafe</FirstName>
    <LastName>Iuqsal</LastName>
    <Email>Gafe_Iuqsal@gmail.com</Email>
    <LuckyNumber>58</LuckyNumber>
  </Contact>
  <Contact>
    <Id>240</Id>
    <FirstName>Bkta</FirstName>
    <LastName>Ftbiye</LastName>
    <Email>Bkta_Ftbiye@gmail.com</Email>
    <LuckyNumber>22</LuckyNumber>
  </Contact>
  <Contact>
    <Id>241</Id>
    <FirstName>Rdbw</FirstName>
    <LastName>Znbtnc</LastName>
    <Email>Rdbw_Znbtnc@gmail.com</Email>
    <LuckyNumber>88</LuckyNumber>
  </Contact>
  <Contact>
    <Id>242</Id>
    <FirstName>Hthw</FirstName>
    <LastName>Raakiy</LastName>
    <Email>Hthw_Raakiy@gmail.com</Email>
    <LuckyNumber>70</LuckyNumber>
  </Contact>
  <Contact>
    <Id>243</Id>
    <FirstName>Ljfp</FirstName>
    <LastName>Kxqlxf</LastName>
    <Email>Ljfp_Kxqlxf@gmail.com</Email>
    <LuckyNumber>32</LuckyNumber>
  </Contact>
  <Contact>
    <Id>244</Id>
    <FirstName>Aibd</FirstName>
    <LastName>Mudqgx</LastName>
    <Email>Aibd_Mudqgx@gmail.com</Email>
    <LuckyNumber>47</LuckyNumber>
  </Contact>
  <Contact>
    <Id>245</Id>
    <FirstName>Edzt</FirstName>
    <LastName>Icahow</LastName>
    <Email>Edzt_Icahow@gmail.com</Email>
    <LuckyNumber>29</LuckyNumber>
  </Contact>
  <Contact>
    <Id>246</Id>
    <FirstName>Zrrr</FirstName>
    <LastName>Kcedce</LastName>
    <Email>Zrrr_Kcedce@gmail.com</Email>
    <LuckyNumber>68</LuckyNumber>
  </Contact>
  <Contact>
    <Id>247</Id>
    <FirstName>Zsyu</FirstName>
    <LastName>Nofgsr</LastName>
    <Email>Zsyu_Nofgsr@gmail.com</Email>
    <LuckyNumber>79</LuckyNumber>
  </Contact>
  <Contact>
    <Id>248</Id>
    <FirstName>Zebp</FirstName>
    <LastName>Rookqq</LastName>
    <Email>Zebp_Rookqq@gmail.com</Email>
    <LuckyNumber>47</LuckyNumber>
  </Contact>
  <Contact>
    <Id>249</Id>
    <FirstName>Tjkl</FirstName>
    <LastName>Ukamdv</LastName>
    <Email>Tjkl_Ukamdv@gmail.com</Email>
    <LuckyNumber>28</LuckyNumber>
  </Contact>
  <Contact>
    <Id>250</Id>
    <FirstName>Nehu</FirstName>
    <LastName>Oomche</LastName>
    <Email>Nehu_Oomche@gmail.com</Email>
    <LuckyNumber>61</LuckyNumber>
  </Contact>
  <Contact>
    <Id>251</Id>
    <FirstName>Esnp</FirstName>
    <LastName>Vlppro</LastName>
    <Email>Esnp_Vlppro@gmail.com</Email>
    <LuckyNumber>3</LuckyNumber>
  </Contact>
  <Contact>
    <Id>252</Id>
    <FirstName>Mzpk</FirstName>
    <LastName>Btvgfo</LastName>
    <Email>Mzpk_Btvgfo@gmail.com</Email>
    <LuckyNumber>97</LuckyNumber>
  </Contact>
  <Contact>
    <Id>253</Id>
    <FirstName>Srxi</FirstName>
    <LastName>Wazyoj</LastName>
    <Email>Srxi_Wazyoj@gmail.com</Email>
    <LuckyNumber>32</LuckyNumber>
  </Contact>
  <Contact>
    <Id>254</Id>
    <FirstName>Desy</FirstName>
    <LastName>Eppxoe</LastName>
    <Email>Desy_Eppxoe@gmail.com</Email>
    <LuckyNumber>71</LuckyNumber>
  </Contact>
  <Contact>
    <Id>255</Id>
    <FirstName>Mrhf</FirstName>
    <LastName>Dntgby</LastName>
    <Email>Mrhf_Dntgby@gmail.com</Email>
    <LuckyNumber>7</LuckyNumber>
  </Contact>
  <Contact>
    <Id>256</Id>
    <FirstName>Fzvs</FirstName>
    <LastName>Mpoqta</LastName>
    <Email>Fzvs_Mpoqta@gmail.com</Email>
    <LuckyNumber>67</LuckyNumber>
  </Contact>
  <Contact>
    <Id>257</Id>
    <FirstName>Ewks</FirstName>
    <LastName>Cofqha</LastName>
    <Email>Ewks_Cofqha@gmail.com</Email>
    <LuckyNumber>81</LuckyNumber>
  </Contact>
  <Contact>
    <Id>258</Id>
    <FirstName>Zega</FirstName>
    <LastName>Qwlehh</LastName>
    <Email>Zega_Qwlehh@gmail.com</Email>
    <LuckyNumber>37</LuckyNumber>
  </Contact>
  <Contact>
    <Id>259</Id>
    <FirstName>Bzsd</FirstName>
    <LastName>Mcaiyl</LastName>
    <Email>Bzsd_Mcaiyl@gmail.com</Email>
    <LuckyNumber>69</LuckyNumber>
  </Contact>
  <Contact>
    <Id>260</Id>
    <FirstName>Vmkv</FirstName>
    <LastName>Lkebkq</LastName>
    <Email>Vmkv_Lkebkq@gmail.com</Email>
    <LuckyNumber>7</LuckyNumber>
  </Contact>
  <Contact>
    <Id>261</Id>
    <FirstName>Kzql</FirstName>
    <LastName>Myseot</LastName>
    <Email>Kzql_Myseot@gmail.com</Email>
    <LuckyNumber>39</LuckyNumber>
  </Contact>
  <Contact>
    <Id>262</Id>
    <FirstName>Vvlz</FirstName>
    <LastName>Zbdqyb</LastName>
    <Email>Vvlz_Zbdqyb@gmail.com</Email>
    <LuckyNumber>38</LuckyNumber>
  </Contact>
  <Contact>
    <Id>263</Id>
    <FirstName>Hjtp</FirstName>
    <LastName>Vkbafw</LastName>
    <Email>Hjtp_Vkbafw@gmail.com</Email>
    <LuckyNumber>72</LuckyNumber>
  </Contact>
  <Contact>
    <Id>264</Id>
    <FirstName>Zosm</FirstName>
    <LastName>Bqbqtw</LastName>
    <Email>Zosm_Bqbqtw@gmail.com</Email>
    <LuckyNumber>93</LuckyNumber>
  </Contact>
  <Contact>
    <Id>265</Id>
    <FirstName>Krpj</FirstName>
    <LastName>Lkcxus</LastName>
    <Email>Krpj_Lkcxus@gmail.com</Email>
    <LuckyNumber>98</LuckyNumber>
  </Contact>
  <Contact>
    <Id>266</Id>
    <FirstName>Arhr</FirstName>
    <LastName>Wchcnn</LastName>
    <Email>Arhr_Wchcnn@gmail.com</Email>
    <LuckyNumber>53</LuckyNumber>
  </Contact>
  <Contact>
    <Id>267</Id>
    <FirstName>Cvwh</FirstName>
    <LastName>Namoii</LastName>
    <Email>Cvwh_Namoii@gmail.com</Email>
    <LuckyNumber>50</LuckyNumber>
  </Contact>
  <Contact>
    <Id>268</Id>
    <FirstName>Jycz</FirstName>
    <LastName>Lyqxib</LastName>
    <Email>Jycz_Lyqxib@gmail.com</Email>
    <LuckyNumber>3</LuckyNumber>
  </Contact>
  <Contact>
    <Id>269</Id>
    <FirstName>Aoaf</FirstName>
    <LastName>Juzjrj</LastName>
    <Email>Aoaf_Juzjrj@gmail.com</Email>
    <LuckyNumber>42</LuckyNumber>
  </Contact>
  <Contact>
    <Id>270</Id>
    <FirstName>Xpum</FirstName>
    <LastName>Exckfk</LastName>
    <Email>Xpum_Exckfk@gmail.com</Email>
    <LuckyNumber>68</LuckyNumber>
  </Contact>
  <Contact>
    <Id>271</Id>
    <FirstName>Niip</FirstName>
    <LastName>Wqimpf</LastName>
    <Email>Niip_Wqimpf@gmail.com</Email>
    <LuckyNumber>45</LuckyNumber>
  </Contact>
  <Contact>
    <Id>272</Id>
    <FirstName>Buig</FirstName>
    <LastName>Irspyq</LastName>
    <Email>Buig_Irspyq@gmail.com</Email>
    <LuckyNumber>14</LuckyNumber>
  </Contact>
  <Contact>
    <Id>273</Id>
    <FirstName>Ybnf</FirstName>
    <LastName>Yusvxw</LastName>
    <Email>Ybnf_Yusvxw@gmail.com</Email>
    <LuckyNumber>63</LuckyNumber>
  </Contact>
  <Contact>
    <Id>274</Id>
    <FirstName>Ibsw</FirstName>
    <LastName>Txibet</LastName>
    <Email>Ibsw_Txibet@gmail.com</Email>
    <LuckyNumber>21</LuckyNumber>
  </Contact>
  <Contact>
    <Id>275</Id>
    <FirstName>Lnze</FirstName>
    <LastName>Ypkrql</LastName>
    <Email>Lnze_Ypkrql@gmail.com</Email>
    <LuckyNumber>3</LuckyNumber>
  </Contact>
  <Contact>
    <Id>276</Id>
    <FirstName>Jjgc</FirstName>
    <LastName>Rrotui</LastName>
    <Email>Jjgc_Rrotui@gmail.com</Email>
    <LuckyNumber>60</LuckyNumber>
  </Contact>
  <Contact>
    <Id>277</Id>
    <FirstName>Lmhn</FirstName>
    <LastName>Lxvhxl</LastName>
    <Email>Lmhn_Lxvhxl@gmail.com</Email>
    <LuckyNumber>39</LuckyNumber>
  </Contact>
  <Contact>
    <Id>278</Id>
    <FirstName>Tqzf</FirstName>
    <LastName>Uvdlff</LastName>
    <Email>Tqzf_Uvdlff@gmail.com</Email>
    <LuckyNumber>19</LuckyNumber>
  </Contact>
  <Contact>
    <Id>279</Id>
    <FirstName>Hrjq</FirstName>
    <LastName>Rgqmlz</LastName>
    <Email>Hrjq_Rgqmlz@gmail.com</Email>
    <LuckyNumber>88</LuckyNumber>
  </Contact>
  <Contact>
    <Id>280</Id>
    <FirstName>Vcnx</FirstName>
    <LastName>Kenwio</LastName>
    <Email>Vcnx_Kenwio@gmail.com</Email>
    <LuckyNumber>57</LuckyNumber>
  </Contact>
  <Contact>
    <Id>281</Id>
    <FirstName>Zqqc</FirstName>
    <LastName>Lxspjd</LastName>
    <Email>Zqqc_Lxspjd@gmail.com</Email>
    <LuckyNumber>37</LuckyNumber>
  </Contact>
  <Contact>
    <Id>282</Id>
    <FirstName>Gepe</FirstName>
    <LastName>Uforka</LastName>
    <Email>Gepe_Uforka@gmail.com</Email>
    <LuckyNumber>42</LuckyNumber>
  </Contact>
  <Contact>
    <Id>284</Id>
    <FirstName>Trsa</FirstName>
    <LastName>Pusuvq</LastName>
    <Email>Trsa_Pusuvq@gmail.com</Email>
    <LuckyNumber>76</LuckyNumber>
  </Contact>
  <Contact>
    <Id>285</Id>
    <FirstName>Mvih</FirstName>
    <LastName>Gjhhrd</LastName>
    <Email>Mvih_Gjhhrd@gmail.com</Email>
    <LuckyNumber>56</LuckyNumber>
  </Contact>
  <Contact>
    <Id>286</Id>
    <FirstName>Otve</FirstName>
    <LastName>Ubhrlu</LastName>
    <Email>Otve_Ubhrlu@gmail.com</Email>
    <LuckyNumber>49</LuckyNumber>
  </Contact>
  <Contact>
    <Id>287</Id>
    <FirstName>Plyl</FirstName>
    <LastName>Uquyqe</LastName>
    <Email>Plyl_Uquyqe@gmail.com</Email>
    <LuckyNumber>80</LuckyNumber>
  </Contact>
  <Contact>
    <Id>288</Id>
    <FirstName>Cibi</FirstName>
    <LastName>Peopaf</LastName>
    <Email>Cibi_Peopaf@gmail.com</Email>
    <LuckyNumber>50</LuckyNumber>
  </Contact>
  <Contact>
    <Id>289</Id>
    <FirstName>Edze</FirstName>
    <LastName>Karmee</LastName>
    <Email>Edze_Karmee@gmail.com</Email>
    <LuckyNumber>96</LuckyNumber>
  </Contact>
  <Contact>
    <Id>290</Id>
    <FirstName>Zfxj</FirstName>
    <LastName>Uprntn</LastName>
    <Email>Zfxj_Uprntn@gmail.com</Email>
    <LuckyNumber>40</LuckyNumber>
  </Contact>
  <Contact>
    <Id>291</Id>
    <FirstName>Trnc</FirstName>
    <LastName>Lmdcvu</LastName>
    <Email>Trnc_Lmdcvu@gmail.com</Email>
    <LuckyNumber>30</LuckyNumber>
  </Contact>
  <Contact>
    <Id>292</Id>
    <FirstName>Chvm</FirstName>
    <LastName>Qgthez</LastName>
    <Email>Chvm_Qgthez@gmail.com</Email>
    <LuckyNumber>62</LuckyNumber>
  </Contact>
  <Contact>
    <Id>293</Id>
    <FirstName>Djwl</FirstName>
    <LastName>Fkzynl</LastName>
    <Email>Djwl_Fkzynl@gmail.com</Email>
    <LuckyNumber>99</LuckyNumber>
  </Contact>
  <Contact>
    <Id>294</Id>
    <FirstName>Ujiq</FirstName>
    <LastName>Hpficj</LastName>
    <Email>Ujiq_Hpficj@gmail.com</Email>
    <LuckyNumber>19</LuckyNumber>
  </Contact>
  <Contact>
    <Id>295</Id>
    <FirstName>Rdqo</FirstName>
    <LastName>Izltli</LastName>
    <Email>Rdqo_Izltli@gmail.com</Email>
    <LuckyNumber>41</LuckyNumber>
  </Contact>
  <Contact>
    <Id>296</Id>
    <FirstName>Dneg</FirstName>
    <LastName>Zgtcxh</LastName>
    <Email>Dneg_Zgtcxh@gmail.com</Email>
    <LuckyNumber>84</LuckyNumber>
  </Contact>
  <Contact>
    <Id>297</Id>
    <FirstName>Dmle</FirstName>
    <LastName>Zyecvw</LastName>
    <Email>Dmle_Zyecvw@gmail.com</Email>
    <LuckyNumber>27</LuckyNumber>
  </Contact>
  <Contact>
    <Id>298</Id>
    <FirstName>Yrsu</FirstName>
    <LastName>Rbanta</LastName>
    <Email>Yrsu_Rbanta@gmail.com</Email>
    <LuckyNumber>65</LuckyNumber>
  </Contact>
  <Contact>
    <Id>299</Id>
    <FirstName>Jfum</FirstName>
    <LastName>Apypam</LastName>
    <Email>Jfum_Apypam@gmail.com</Email>
    <LuckyNumber>91</LuckyNumber>
  </Contact>
  <Contact>
    <Id>300</Id>
    <FirstName>Vadc</FirstName>
    <LastName>Dzmpjn</LastName>
    <Email>Vadc_Dzmpjn@gmail.com</Email>
    <LuckyNumber>53</LuckyNumber>
  </Contact>
  <Contact>
    <Id>301</Id>
    <FirstName>Womn</FirstName>
    <LastName>Eprbjn</LastName>
    <Email>Womn_Eprbjn@gmail.com</Email>
    <LuckyNumber>83</LuckyNumber>
  </Contact>
  <Contact>
    <Id>302</Id>
    <FirstName>Mdgj</FirstName>
    <LastName>Mypdgw</LastName>
    <Email>Mdgj_Mypdgw@gmail.com</Email>
    <LuckyNumber>80</LuckyNumber>
  </Contact>
  <Contact>
    <Id>303</Id>
    <FirstName>Avsr</FirstName>
    <LastName>Oyaber</LastName>
    <Email>Avsr_Oyaber@gmail.com</Email>
    <LuckyNumber>15</LuckyNumber>
  </Contact>
  <Contact>
    <Id>304</Id>
    <FirstName>Vifz</FirstName>
    <LastName>Mkjyyc</LastName>
    <Email>Vifz_Mkjyyc@gmail.com</Email>
    <LuckyNumber>39</LuckyNumber>
  </Contact>
  <Contact>
    <Id>305</Id>
    <FirstName>Zoaw</FirstName>
    <LastName>Tnnzfg</LastName>
    <Email>Zoaw_Tnnzfg@gmail.com</Email>
    <LuckyNumber>66</LuckyNumber>
  </Contact>
  <Contact>
    <Id>306</Id>
    <FirstName>Boqv</FirstName>
    <LastName>Natbij</LastName>
    <Email>Boqv_Natbij@gmail.com</Email>
    <LuckyNumber>18</LuckyNumber>
  </Contact>
  <Contact>
    <Id>307</Id>
    <FirstName>Ihxe</FirstName>
    <LastName>Mleuiy</LastName>
    <Email>Ihxe_Mleuiy@gmail.com</Email>
    <LuckyNumber>71</LuckyNumber>
  </Contact>
  <Contact>
    <Id>308</Id>
    <FirstName>Qweq</FirstName>
    <LastName>Sennel</LastName>
    <Email>Qweq_Sennel@gmail.com</Email>
    <LuckyNumber>88</LuckyNumber>
  </Contact>
  <Contact>
    <Id>309</Id>
    <FirstName>Egri</FirstName>
    <LastName>Rwiewu</LastName>
    <Email>Egri_Rwiewu@gmail.com</Email>
    <LuckyNumber>4</LuckyNumber>
  </Contact>
  <Contact>
    <Id>310</Id>
    <FirstName>Vfsy</FirstName>
    <LastName>Pabvky</LastName>
    <Email>Vfsy_Pabvky@gmail.com</Email>
    <LuckyNumber>71</LuckyNumber>
  </Contact>
  <Contact>
    <Id>312</Id>
    <FirstName>Ldqm</FirstName>
    <LastName>Euhmdb</LastName>
    <Email>Ldqm_Euhmdb@gmail.com</Email>
    <LuckyNumber>92</LuckyNumber>
  </Contact>
  <Contact>
    <Id>313</Id>
    <FirstName>Qayy</FirstName>
    <LastName>Tommjb</LastName>
    <Email>Qayy_Tommjb@gmail.com</Email>
    <LuckyNumber>93</LuckyNumber>
  </Contact>
  <Contact>
    <Id>314</Id>
    <FirstName>Mxuo</FirstName>
    <LastName>Azapia</LastName>
    <Email>Mxuo_Azapia@gmail.com</Email>
    <LuckyNumber>85</LuckyNumber>
  </Contact>
  <Contact>
    <Id>315</Id>
    <FirstName>Cuph</FirstName>
    <LastName>Cwgnyv</LastName>
    <Email>Cuph_Cwgnyv@gmail.com</Email>
    <LuckyNumber>64</LuckyNumber>
  </Contact>
  <Contact>
    <Id>316</Id>
    <FirstName>Lgur</FirstName>
    <LastName>Yoabiv</LastName>
    <Email>Lgur_Yoabiv@gmail.com</Email>
    <LuckyNumber>67</LuckyNumber>
  </Contact>
  <Contact>
    <Id>317</Id>
    <FirstName>Nrts</FirstName>
    <LastName>Puhlnt</LastName>
    <Email>Nrts_Puhlnt@gmail.com</Email>
    <LuckyNumber>91</LuckyNumber>
  </Contact>
  <Contact>
    <Id>318</Id>
    <FirstName>Txej</FirstName>
    <LastName>Mmqfvc</LastName>
    <Email>Txej_Mmqfvc@gmail.com</Email>
    <LuckyNumber>11</LuckyNumber>
  </Contact>
  <Contact>
    <Id>319</Id>
    <FirstName>Vmnt</FirstName>
    <LastName>Ibmphr</LastName>
    <Email>Vmnt_Ibmphr@gmail.com</Email>
    <LuckyNumber>3</LuckyNumber>
  </Contact>
  <Contact>
    <Id>320</Id>
    <FirstName>Lgxo</FirstName>
    <LastName>Kgmfni</LastName>
    <Email>Lgxo_Kgmfni@gmail.com</Email>
    <LuckyNumber>89</LuckyNumber>
  </Contact>
  <Contact>
    <Id>321</Id>
    <FirstName>Nnwn</FirstName>
    <LastName>Pbokdz</LastName>
    <Email>Nnwn_Pbokdz@gmail.com</Email>
    <LuckyNumber>57</LuckyNumber>
  </Contact>
  <Contact>
    <Id>322</Id>
    <FirstName>Kvhf</FirstName>
    <LastName>Vlgzxl</LastName>
    <Email>Kvhf_Vlgzxl@gmail.com</Email>
    <LuckyNumber>23</LuckyNumber>
  </Contact>
  <Contact>
    <Id>323</Id>
    <FirstName>Tmxl</FirstName>
    <LastName>Ybksqp</LastName>
    <Email>Tmxl_Ybksqp@gmail.com</Email>
    <LuckyNumber>78</LuckyNumber>
  </Contact>
  <Contact>
    <Id>324</Id>
    <FirstName>Yyax</FirstName>
    <LastName>Vlkbwo</LastName>
    <Email>Yyax_Vlkbwo@gmail.com</Email>
    <LuckyNumber>4</LuckyNumber>
  </Contact>
  <Contact>
    <Id>325</Id>
    <FirstName>Wwch</FirstName>
    <LastName>Ekbynk</LastName>
    <Email>Wwch_Ekbynk@gmail.com</Email>
    <LuckyNumber>43</LuckyNumber>
  </Contact>
  <Contact>
    <Id>326</Id>
    <FirstName>Htjp</FirstName>
    <LastName>Edmalj</LastName>
    <Email>Htjp_Edmalj@gmail.com</Email>
    <LuckyNumber>96</LuckyNumber>
  </Contact>
  <Contact>
    <Id>327</Id>
    <FirstName>Qxie</FirstName>
    <LastName>Ypvpwp</LastName>
    <Email>Qxie_Ypvpwp@gmail.com</Email>
    <LuckyNumber>66</LuckyNumber>
  </Contact>
  <Contact>
    <Id>328</Id>
    <FirstName>Spbi</FirstName>
    <LastName>Qxzrrb</LastName>
    <Email>Spbi_Qxzrrb@gmail.com</Email>
    <LuckyNumber>37</LuckyNumber>
  </Contact>
  <Contact>
    <Id>329</Id>
    <FirstName>Mrgn</FirstName>
    <LastName>Ghgovd</LastName>
    <Email>Mrgn_Ghgovd@gmail.com</Email>
    <LuckyNumber>66</LuckyNumber>
  </Contact>
  <Contact>
    <Id>330</Id>
    <FirstName>Xgey</FirstName>
    <LastName>Zmldyo</LastName>
    <Email>Xgey_Zmldyo@gmail.com</Email>
    <LuckyNumber>84</LuckyNumber>
  </Contact>
  <Contact>
    <Id>331</Id>
    <FirstName>Qbun</FirstName>
    <LastName>Vmpats</LastName>
    <Email>Qbun_Vmpats@gmail.com</Email>
    <LuckyNumber>89</LuckyNumber>
  </Contact>
  <Contact>
    <Id>332</Id>
    <FirstName>Gkry</FirstName>
    <LastName>Kjniht</LastName>
    <Email>Gkry_Kjniht@gmail.com</Email>
    <LuckyNumber>53</LuckyNumber>
  </Contact>
  <Contact>
    <Id>333</Id>
    <FirstName>Bsve</FirstName>
    <LastName>Sxnfnd</LastName>
    <Email>Bsve_Sxnfnd@gmail.com</Email>
    <LuckyNumber>81</LuckyNumber>
  </Contact>
  <Contact>
    <Id>334</Id>
    <FirstName>Qaft</FirstName>
    <LastName>Sltzuj</LastName>
    <Email>Qaft_Sltzuj@gmail.com</Email>
    <LuckyNumber>95</LuckyNumber>
  </Contact>
  <Contact>
    <Id>335</Id>
    <FirstName>Azth</FirstName>
    <LastName>Bbcpqh</LastName>
    <Email>Azth_Bbcpqh@gmail.com</Email>
    <LuckyNumber>10</LuckyNumber>
  </Contact>
  <Contact>
    <Id>336</Id>
    <FirstName>Cacs</FirstName>
    <LastName>Rurnoe</LastName>
    <Email>Cacs_Rurnoe@gmail.com</Email>
    <LuckyNumber>77</LuckyNumber>
  </Contact>
  <Contact>
    <Id>337</Id>
    <FirstName>Ltqs</FirstName>
    <LastName>Qqcphy</LastName>
    <Email>Ltqs_Qqcphy@gmail.com</Email>
    <LuckyNumber>16</LuckyNumber>
  </Contact>
  <Contact>
    <Id>338</Id>
    <FirstName>Crvk</FirstName>
    <LastName>Lvldxn</LastName>
    <Email>Crvk_Lvldxn@gmail.com</Email>
    <LuckyNumber>54</LuckyNumber>
  </Contact>
  <Contact>
    <Id>339</Id>
    <FirstName>Oyfr</FirstName>
    <LastName>Auyhhv</LastName>
    <Email>Oyfr_Auyhhv@gmail.com</Email>
    <LuckyNumber>77</LuckyNumber>
  </Contact>
  <Contact>
    <Id>340</Id>
    <FirstName>Goaq</FirstName>
    <LastName>Iklnaz</LastName>
    <Email>Goaq_Iklnaz@gmail.com</Email>
    <LuckyNumber>16</LuckyNumber>
  </Contact>
  <Contact>
    <Id>341</Id>
    <FirstName>Yxkw</FirstName>
    <LastName>Gjwbkg</LastName>
    <Email>Yxkw_Gjwbkg@gmail.com</Email>
    <LuckyNumber>27</LuckyNumber>
  </Contact>
  <Contact>
    <Id>342</Id>
    <FirstName>Xfsn</FirstName>
    <LastName>Zphqzq</LastName>
    <Email>Xfsn_Zphqzq@gmail.com</Email>
    <LuckyNumber>34</LuckyNumber>
  </Contact>
  <Contact>
    <Id>343</Id>
    <FirstName>Ilhk</FirstName>
    <LastName>Vmbrkm</LastName>
    <Email>Ilhk_Vmbrkm@gmail.com</Email>
    <LuckyNumber>54</LuckyNumber>
  </Contact>
  <Contact>
    <Id>344</Id>
    <FirstName>Kzhh</FirstName>
    <LastName>Enplgk</LastName>
    <Email>Kzhh_Enplgk@gmail.com</Email>
    <LuckyNumber>51</LuckyNumber>
  </Contact>
  <Contact>
    <Id>345</Id>
    <FirstName>Yrux</FirstName>
    <LastName>Vlwfka</LastName>
    <Email>Yrux_Vlwfka@gmail.com</Email>
    <LuckyNumber>50</LuckyNumber>
  </Contact>
  <Contact>
    <Id>347</Id>
    <FirstName>Jusg</FirstName>
    <LastName>Sltaok</LastName>
    <Email>Jusg_Sltaok@gmail.com</Email>
    <LuckyNumber>94</LuckyNumber>
  </Contact>
  <Contact>
    <Id>348</Id>
    <FirstName>Vmqp</FirstName>
    <LastName>Xrqveb</LastName>
    <Email>Vmqp_Xrqveb@gmail.com</Email>
    <LuckyNumber>53</LuckyNumber>
  </Contact>
  <Contact>
    <Id>349</Id>
    <FirstName>Xksi</FirstName>
    <LastName>Prbbfr</LastName>
    <Email>Xksi_Prbbfr@gmail.com</Email>
    <LuckyNumber>64</LuckyNumber>
  </Contact>
  <Contact>
    <Id>350</Id>
    <FirstName>Dhae</FirstName>
    <LastName>Pskmkm</LastName>
    <Email>Dhae_Pskmkm@gmail.com</Email>
    <LuckyNumber>9</LuckyNumber>
  </Contact>
  <Contact>
    <Id>351</Id>
    <FirstName>Ruly</FirstName>
    <LastName>Hqrkxs</LastName>
    <Email>Ruly_Hqrkxs@gmail.com</Email>
    <LuckyNumber>76</LuckyNumber>
  </Contact>
  <Contact>
    <Id>352</Id>
    <FirstName>Vxin</FirstName>
    <LastName>Kvbymf</LastName>
    <Email>Vxin_Kvbymf@gmail.com</Email>
    <LuckyNumber>27</LuckyNumber>
  </Contact>
  <Contact>
    <Id>353</Id>
    <FirstName>Eiip</FirstName>
    <LastName>Scxksq</LastName>
    <Email>Eiip_Scxksq@gmail.com</Email>
    <LuckyNumber>6</LuckyNumber>
  </Contact>
  <Contact>
    <Id>354</Id>
    <FirstName>Vtyw</FirstName>
    <LastName>Rklkvu</LastName>
    <Email>Vtyw_Rklkvu@gmail.com</Email>
    <LuckyNumber>95</LuckyNumber>
  </Contact>
  <Contact>
    <Id>355</Id>
    <FirstName>Kmcw</FirstName>
    <LastName>Bipkla</LastName>
    <Email>Kmcw_Bipkla@gmail.com</Email>
    <LuckyNumber>89</LuckyNumber>
  </Contact>
  <Contact>
    <Id>356</Id>
    <FirstName>Kpcp</FirstName>
    <LastName>Ryommz</LastName>
    <Email>Kpcp_Ryommz@gmail.com</Email>
    <LuckyNumber>12</LuckyNumber>
  </Contact>
  <Contact>
    <Id>357</Id>
    <FirstName>Tcpp</FirstName>
    <LastName>Nernbj</LastName>
    <Email>Tcpp_Nernbj@gmail.com</Email>
    <LuckyNumber>49</LuckyNumber>
  </Contact>
  <Contact>
    <Id>358</Id>
    <FirstName>Fywm</FirstName>
    <LastName>Wbpvhf</LastName>
    <Email>Fywm_Wbpvhf@gmail.com</Email>
    <LuckyNumber>6</LuckyNumber>
  </Contact>
  <Contact>
    <Id>359</Id>
    <FirstName>Xjit</FirstName>
    <LastName>Bsnvjh</LastName>
    <Email>Xjit_Bsnvjh@gmail.com</Email>
    <LuckyNumber>95</LuckyNumber>
  </Contact>
  <Contact>
    <Id>360</Id>
    <FirstName>Hsah</FirstName>
    <LastName>Mvltxy</LastName>
    <Email>Hsah_Mvltxy@gmail.com</Email>
    <LuckyNumber>53</LuckyNumber>
  </Contact>
  <Contact>
    <Id>361</Id>
    <FirstName>Xket</FirstName>
    <LastName>Fbnwqs</LastName>
    <Email>Xket_Fbnwqs@gmail.com</Email>
    <LuckyNumber>91</LuckyNumber>
  </Contact>
  <Contact>
    <Id>362</Id>
    <FirstName>Sefg</FirstName>
    <LastName>Tcyagz</LastName>
    <Email>Sefg_Tcyagz@gmail.com</Email>
    <LuckyNumber>19</LuckyNumber>
  </Contact>
  <Contact>
    <Id>363</Id>
    <FirstName>Grdl</FirstName>
    <LastName>Opukoh</LastName>
    <Email>Grdl_Opukoh@gmail.com</Email>
    <LuckyNumber>13</LuckyNumber>
  </Contact>
  <Contact>
    <Id>364</Id>
    <FirstName>Klyp</FirstName>
    <LastName>Imlhmr</LastName>
    <Email>Klyp_Imlhmr@gmail.com</Email>
    <LuckyNumber>25</LuckyNumber>
  </Contact>
  <Contact>
    <Id>365</Id>
    <FirstName>Jzwb</FirstName>
    <LastName>Fbiuxr</LastName>
    <Email>Jzwb_Fbiuxr@gmail.com</Email>
    <LuckyNumber>54</LuckyNumber>
  </Contact>
  <Contact>
    <Id>366</Id>
    <FirstName>Sdmp</FirstName>
    <LastName>Unycgd</LastName>
    <Email>Sdmp_Unycgd@gmail.com</Email>
    <LuckyNumber>63</LuckyNumber>
  </Contact>
  <Contact>
    <Id>367</Id>
    <FirstName>Puth</FirstName>
    <LastName>Dulpyn</LastName>
    <Email>Puth_Dulpyn@gmail.com</Email>
    <LuckyNumber>53</LuckyNumber>
  </Contact>
  <Contact>
    <Id>368</Id>
    <FirstName>Ahdp</FirstName>
    <LastName>Njsbuk</LastName>
    <Email>Ahdp_Njsbuk@gmail.com</Email>
    <LuckyNumber>44</LuckyNumber>
  </Contact>
  <Contact>
    <Id>369</Id>
    <FirstName>Vtvc</FirstName>
    <LastName>Ssyjjk</LastName>
    <Email>Vtvc_Ssyjjk@gmail.com</Email>
    <LuckyNumber>11</LuckyNumber>
  </Contact>
  <Contact>
    <Id>370</Id>
    <FirstName>Tkbh</FirstName>
    <LastName>Yyoiht</LastName>
    <Email>Tkbh_Yyoiht@gmail.com</Email>
    <LuckyNumber>4</LuckyNumber>
  </Contact>
  <Contact>
    <Id>371</Id>
    <FirstName>Ecfl</FirstName>
    <LastName>Ezpkej</LastName>
    <Email>Ecfl_Ezpkej@gmail.com</Email>
    <LuckyNumber>25</LuckyNumber>
  </Contact>
  <Contact>
    <Id>372</Id>
    <FirstName>Dyam</FirstName>
    <LastName>Bbsrpd</LastName>
    <Email>Dyam_Bbsrpd@gmail.com</Email>
    <LuckyNumber>12</LuckyNumber>
  </Contact>
  <Contact>
    <Id>373</Id>
    <FirstName>Xotn</FirstName>
    <LastName>Gkunlc</LastName>
    <Email>Xotn_Gkunlc@gmail.com</Email>
    <LuckyNumber>70</LuckyNumber>
  </Contact>
  <Contact>
    <Id>374</Id>
    <FirstName>Vosx</FirstName>
    <LastName>Hoytzf</LastName>
    <Email>Vosx_Hoytzf@gmail.com</Email>
    <LuckyNumber>73</LuckyNumber>
  </Contact>
  <Contact>
    <Id>375</Id>
    <FirstName>Mhdh</FirstName>
    <LastName>Mwnqqe</LastName>
    <Email>Mhdh_Mwnqqe@gmail.com</Email>
    <LuckyNumber>90</LuckyNumber>
  </Contact>
  <Contact>
    <Id>376</Id>
    <FirstName>Bfqs</FirstName>
    <LastName>Rteqry</LastName>
    <Email>Bfqs_Rteqry@gmail.com</Email>
    <LuckyNumber>16</LuckyNumber>
  </Contact>
  <Contact>
    <Id>377</Id>
    <FirstName>Ldlt</FirstName>
    <LastName>Dtesve</LastName>
    <Email>Ldlt_Dtesve@gmail.com</Email>
    <LuckyNumber>88</LuckyNumber>
  </Contact>
  <Contact>
    <Id>378</Id>
    <FirstName>Eblk</FirstName>
    <LastName>Yyxavm</LastName>
    <Email>Eblk_Yyxavm@gmail.com</Email>
    <LuckyNumber>55</LuckyNumber>
  </Contact>
  <Contact>
    <Id>379</Id>
    <FirstName>Xnng</FirstName>
    <LastName>Pwfpjo</LastName>
    <Email>Xnng_Pwfpjo@gmail.com</Email>
    <LuckyNumber>78</LuckyNumber>
  </Contact>
  <Contact>
    <Id>380</Id>
    <FirstName>Ivav</FirstName>
    <LastName>Tttlxi</LastName>
    <Email>Ivav_Tttlxi@gmail.com</Email>
    <LuckyNumber>74</LuckyNumber>
  </Contact>
  <Contact>
    <Id>381</Id>
    <FirstName>Eaog</FirstName>
    <LastName>Gugsrd</LastName>
    <Email>Eaog_Gugsrd@gmail.com</Email>
    <LuckyNumber>69</LuckyNumber>
  </Contact>
  <Contact>
    <Id>382</Id>
    <FirstName>Xfyf</FirstName>
    <LastName>Wehngu</LastName>
    <Email>Xfyf_Wehngu@gmail.com</Email>
    <LuckyNumber>33</LuckyNumber>
  </Contact>
  <Contact>
    <Id>383</Id>
    <FirstName>Ksqk</FirstName>
    <LastName>Dfegjo</LastName>
    <Email>Ksqk_Dfegjo@gmail.com</Email>
    <LuckyNumber>21</LuckyNumber>
  </Contact>
  <Contact>
    <Id>384</Id>
    <FirstName>Einr</FirstName>
    <LastName>Ipkiqx</LastName>
    <Email>Einr_Ipkiqx@gmail.com</Email>
    <LuckyNumber>65</LuckyNumber>
  </Contact>
  <Contact>
    <Id>385</Id>
    <FirstName>Ryux</FirstName>
    <LastName>Nwodjc</LastName>
    <Email>Ryux_Nwodjc@gmail.com</Email>
    <LuckyNumber>94</LuckyNumber>
  </Contact>
  <Contact>
    <Id>387</Id>
    <FirstName>Rbpr</FirstName>
    <LastName>Fvsdxe</LastName>
    <Email>Rbpr_Fvsdxe@gmail.com</Email>
    <LuckyNumber>43</LuckyNumber>
  </Contact>
  <Contact>
    <Id>388</Id>
    <FirstName>Tbrp</FirstName>
    <LastName>Frhsge</LastName>
    <Email>Tbrp_Frhsge@gmail.com</Email>
    <LuckyNumber>11</LuckyNumber>
  </Contact>
  <Contact>
    <Id>389</Id>
    <FirstName>Fmxv</FirstName>
    <LastName>Stshbm</LastName>
    <Email>Fmxv_Stshbm@gmail.com</Email>
    <LuckyNumber>90</LuckyNumber>
  </Contact>
  <Contact>
    <Id>390</Id>
    <FirstName>Ngsi</FirstName>
    <LastName>Vrtlgf</LastName>
    <Email>Ngsi_Vrtlgf@gmail.com</Email>
    <LuckyNumber>78</LuckyNumber>
  </Contact>
  <Contact>
    <Id>391</Id>
    <FirstName>Kxuy</FirstName>
    <LastName>Gmjhsm</LastName>
    <Email>Kxuy_Gmjhsm@gmail.com</Email>
    <LuckyNumber>94</LuckyNumber>
  </Contact>
  <Contact>
    <Id>392</Id>
    <FirstName>Ovcu</FirstName>
    <LastName>Jczkpc</LastName>
    <Email>Ovcu_Jczkpc@gmail.com</Email>
    <LuckyNumber>93</LuckyNumber>
  </Contact>
  <Contact>
    <Id>393</Id>
    <FirstName>Volx</FirstName>
    <LastName>Xvqyvy</LastName>
    <Email>Volx_Xvqyvy@gmail.com</Email>
    <LuckyNumber>89</LuckyNumber>
  </Contact>
  <Contact>
    <Id>394</Id>
    <FirstName>Lbab</FirstName>
    <LastName>Umgyuu</LastName>
    <Email>Lbab_Umgyuu@gmail.com</Email>
    <LuckyNumber>42</LuckyNumber>
  </Contact>
  <Contact>
    <Id>395</Id>
    <FirstName>Prxf</FirstName>
    <LastName>Bhqmwq</LastName>
    <Email>Prxf_Bhqmwq@gmail.com</Email>
    <LuckyNumber>69</LuckyNumber>
  </Contact>
  <Contact>
    <Id>396</Id>
    <FirstName>Mbgn</FirstName>
    <LastName>Jooqtq</LastName>
    <Email>Mbgn_Jooqtq@gmail.com</Email>
    <LuckyNumber>1</LuckyNumber>
  </Contact>
  <Contact>
    <Id>397</Id>
    <FirstName>Rkau</FirstName>
    <LastName>Iimdqh</LastName>
    <Email>Rkau_Iimdqh@gmail.com</Email>
    <LuckyNumber>15</LuckyNumber>
  </Contact>
  <Contact>
    <Id>398</Id>
    <FirstName>Kyta</FirstName>
    <LastName>Ruiijc</LastName>
    <Email>Kyta_Ruiijc@gmail.com</Email>
    <LuckyNumber>27</LuckyNumber>
  </Contact>
  <Contact>
    <Id>399</Id>
    <FirstName>Tpyu</FirstName>
    <LastName>Hcskeb</LastName>
    <Email>Tpyu_Hcskeb@gmail.com</Email>
    <LuckyNumber>76</LuckyNumber>
  </Contact>
  <Contact>
    <Id>400</Id>
    <FirstName>Pame</FirstName>
    <LastName>Gzizsz</LastName>
    <Email>Pame_Gzizsz@gmail.com</Email>
    <LuckyNumber>42</LuckyNumber>
  </Contact>
  <Contact>
    <Id>401</Id>
    <FirstName>Iqht</FirstName>
    <LastName>Jxuikh</LastName>
    <Email>Iqht_Jxuikh@gmail.com</Email>
    <LuckyNumber>92</LuckyNumber>
  </Contact>
  <Contact>
    <Id>402</Id>
    <FirstName>Kqlv</FirstName>
    <LastName>Naklgc</LastName>
    <Email>Kqlv_Naklgc@gmail.com</Email>
    <LuckyNumber>10</LuckyNumber>
  </Contact>
  <Contact>
    <Id>403</Id>
    <FirstName>Qjsn</FirstName>
    <LastName>Mnjakj</LastName>
    <Email>Qjsn_Mnjakj@gmail.com</Email>
    <LuckyNumber>28</LuckyNumber>
  </Contact>
  <Contact>
    <Id>404</Id>
    <FirstName>Igin</FirstName>
    <LastName>Ntuqwq</LastName>
    <Email>Igin_Ntuqwq@gmail.com</Email>
    <LuckyNumber>49</LuckyNumber>
  </Contact>
  <Contact>
    <Id>405</Id>
    <FirstName>Rpwt</FirstName>
    <LastName>Klhoht</LastName>
    <Email>Rpwt_Klhoht@gmail.com</Email>
    <LuckyNumber>30</LuckyNumber>
  </Contact>
  <Contact>
    <Id>407</Id>
    <FirstName>Dien</FirstName>
    <LastName>Znrqqg</LastName>
    <Email>Dien_Znrqqg@gmail.com</Email>
    <LuckyNumber>45</LuckyNumber>
  </Contact>
  <Contact>
    <Id>408</Id>
    <FirstName>Esdr</FirstName>
    <LastName>Tcxtvb</LastName>
    <Email>Esdr_Tcxtvb@gmail.com</Email>
    <LuckyNumber>54</LuckyNumber>
  </Contact>
  <Contact>
    <Id>409</Id>
    <FirstName>Aaip</FirstName>
    <LastName>Mwkjxg</LastName>
    <Email>Aaip_Mwkjxg@gmail.com</Email>
    <LuckyNumber>61</LuckyNumber>
  </Contact>
  <Contact>
    <Id>410</Id>
    <FirstName>Cloo</FirstName>
    <LastName>Xluxqc</LastName>
    <Email>Cloo_Xluxqc@gmail.com</Email>
    <LuckyNumber>5</LuckyNumber>
  </Contact>
  <Contact>
    <Id>411</Id>
    <FirstName>Uvfx</FirstName>
    <LastName>Frdbqa</LastName>
    <Email>Uvfx_Frdbqa@gmail.com</Email>
    <LuckyNumber>49</LuckyNumber>
  </Contact>
  <Contact>
    <Id>412</Id>
    <FirstName>Phee</FirstName>
    <LastName>Kauggj</LastName>
    <Email>Phee_Kauggj@gmail.com</Email>
    <LuckyNumber>19</LuckyNumber>
  </Contact>
  <Contact>
    <Id>413</Id>
    <FirstName>Oprc</FirstName>
    <LastName>Eflyyl</LastName>
    <Email>Oprc_Eflyyl@gmail.com</Email>
    <LuckyNumber>43</LuckyNumber>
  </Contact>
  <Contact>
    <Id>414</Id>
    <FirstName>Zfnj</FirstName>
    <LastName>Orsfwq</LastName>
    <Email>Zfnj_Orsfwq@gmail.com</Email>
    <LuckyNumber>58</LuckyNumber>
  </Contact>
  <Contact>
    <Id>415</Id>
    <FirstName>Pwgk</FirstName>
    <LastName>Sbtdkw</LastName>
    <Email>Pwgk_Sbtdkw@gmail.com</Email>
    <LuckyNumber>69</LuckyNumber>
  </Contact>
  <Contact>
    <Id>416</Id>
    <FirstName>Phpg</FirstName>
    <LastName>Cnyprc</LastName>
    <Email>Phpg_Cnyprc@gmail.com</Email>
    <LuckyNumber>7</LuckyNumber>
  </Contact>
  <Contact>
    <Id>418</Id>
    <FirstName>Zavw</FirstName>
    <LastName>Tnjfva</LastName>
    <Email>Zavw_Tnjfva@gmail.com</Email>
    <LuckyNumber>57</LuckyNumber>
  </Contact>
  <Contact>
    <Id>419</Id>
    <FirstName>Hqgu</FirstName>
    <LastName>Ipfhgy</LastName>
    <Email>Hqgu_Ipfhgy@gmail.com</Email>
    <LuckyNumber>47</LuckyNumber>
  </Contact>
  <Contact>
    <Id>420</Id>
    <FirstName>Nrym</FirstName>
    <LastName>Aahzwv</LastName>
    <Email>Nrym_Aahzwv@gmail.com</Email>
    <LuckyNumber>20</LuckyNumber>
  </Contact>
  <Contact>
    <Id>421</Id>
    <FirstName>Ahpk</FirstName>
    <LastName>Ftlfmh</LastName>
    <Email>Ahpk_Ftlfmh@gmail.com</Email>
    <LuckyNumber>5</LuckyNumber>
  </Contact>
  <Contact>
    <Id>422</Id>
    <FirstName>Pail</FirstName>
    <LastName>Gdnitg</LastName>
    <Email>Pail_Gdnitg@gmail.com</Email>
    <LuckyNumber>63</LuckyNumber>
  </Contact>
  <Contact>
    <Id>423</Id>
    <FirstName>Nmdx</FirstName>
    <LastName>Hmjxve</LastName>
    <Email>Nmdx_Hmjxve@gmail.com</Email>
    <LuckyNumber>74</LuckyNumber>
  </Contact>
  <Contact>
    <Id>424</Id>
    <FirstName>Cpyf</FirstName>
    <LastName>Xjmwal</LastName>
    <Email>Cpyf_Xjmwal@gmail.com</Email>
    <LuckyNumber>18</LuckyNumber>
  </Contact>
  <Contact>
    <Id>425</Id>
    <FirstName>Mcye</FirstName>
    <LastName>Ouemnb</LastName>
    <Email>Mcye_Ouemnb@gmail.com</Email>
    <LuckyNumber>94</LuckyNumber>
  </Contact>
  <Contact>
    <Id>426</Id>
    <FirstName>Kuch</FirstName>
    <LastName>Ilywom</LastName>
    <Email>Kuch_Ilywom@gmail.com</Email>
    <LuckyNumber>87</LuckyNumber>
  </Contact>
  <Contact>
    <Id>427</Id>
    <FirstName>Wysn</FirstName>
    <LastName>Bfewxg</LastName>
    <Email>Wysn_Bfewxg@gmail.com</Email>
    <LuckyNumber>18</LuckyNumber>
  </Contact>
  <Contact>
    <Id>428</Id>
    <FirstName>Izbz</FirstName>
    <LastName>Dxotjq</LastName>
    <Email>Izbz_Dxotjq@gmail.com</Email>
    <LuckyNumber>67</LuckyNumber>
  </Contact>
  <Contact>
    <Id>429</Id>
    <FirstName>Dfdc</FirstName>
    <LastName>Qbaxdx</LastName>
    <Email>Dfdc_Qbaxdx@gmail.com</Email>
    <LuckyNumber>69</LuckyNumber>
  </Contact>
  <Contact>
    <Id>430</Id>
    <FirstName>Pfal</FirstName>
    <LastName>Btyhre</LastName>
    <Email>Pfal_Btyhre@gmail.com</Email>
    <LuckyNumber>70</LuckyNumber>
  </Contact>
  <Contact>
    <Id>431</Id>
    <FirstName>Fmcg</FirstName>
    <LastName>Ihaivd</LastName>
    <Email>Fmcg_Ihaivd@gmail.com</Email>
    <LuckyNumber>25</LuckyNumber>
  </Contact>
  <Contact>
    <Id>432</Id>
    <FirstName>Eumk</FirstName>
    <LastName>Ypdvzc</LastName>
    <Email>Eumk_Ypdvzc@gmail.com</Email>
    <LuckyNumber>28</LuckyNumber>
  </Contact>
  <Contact>
    <Id>433</Id>
    <FirstName>Qjvz</FirstName>
    <LastName>Rwvuby</LastName>
    <Email>Qjvz_Rwvuby@gmail.com</Email>
    <LuckyNumber>50</LuckyNumber>
  </Contact>
  <Contact>
    <Id>434</Id>
    <FirstName>Laqz</FirstName>
    <LastName>Kstxvc</LastName>
    <Email>Laqz_Kstxvc@gmail.com</Email>
    <LuckyNumber>56</LuckyNumber>
  </Contact>
  <Contact>
    <Id>435</Id>
    <FirstName>Jafz</FirstName>
    <LastName>Rujewe</LastName>
    <Email>Jafz_Rujewe@gmail.com</Email>
    <LuckyNumber>60</LuckyNumber>
  </Contact>
  <Contact>
    <Id>436</Id>
    <FirstName>Yvsk</FirstName>
    <LastName>Iqemab</LastName>
    <Email>Yvsk_Iqemab@gmail.com</Email>
    <LuckyNumber>31</LuckyNumber>
  </Contact>
  <Contact>
    <Id>437</Id>
    <FirstName>Rimt</FirstName>
    <LastName>Zfkcch</LastName>
    <Email>Rimt_Zfkcch@gmail.com</Email>
    <LuckyNumber>20</LuckyNumber>
  </Contact>
  <Contact>
    <Id>438</Id>
    <FirstName>Cavt</FirstName>
    <LastName>Sfalxb</LastName>
    <Email>Cavt_Sfalxb@gmail.com</Email>
    <LuckyNumber>32</LuckyNumber>
  </Contact>
  <Contact>
    <Id>439</Id>
    <FirstName>Wbvg</FirstName>
    <LastName>Zkctib</LastName>
    <Email>Wbvg_Zkctib@gmail.com</Email>
    <LuckyNumber>49</LuckyNumber>
  </Contact>
  <Contact>
    <Id>440</Id>
    <FirstName>Bixm</FirstName>
    <LastName>Xveuub</LastName>
    <Email>Bixm_Xveuub@gmail.com</Email>
    <LuckyNumber>31</LuckyNumber>
  </Contact>
  <Contact>
    <Id>441</Id>
    <FirstName>Ttsp</FirstName>
    <LastName>Oxympe</LastName>
    <Email>Ttsp_Oxympe@gmail.com</Email>
    <LuckyNumber>26</LuckyNumber>
  </Contact>
  <Contact>
    <Id>442</Id>
    <FirstName>Jmky</FirstName>
    <LastName>Sfazjz</LastName>
    <Email>Jmky_Sfazjz@gmail.com</Email>
    <LuckyNumber>14</LuckyNumber>
  </Contact>
  <Contact>
    <Id>443</Id>
    <FirstName>Pzmw</FirstName>
    <LastName>Fhehdg</LastName>
    <Email>Pzmw_Fhehdg@gmail.com</Email>
    <LuckyNumber>25</LuckyNumber>
  </Contact>
  <Contact>
    <Id>444</Id>
    <FirstName>Nibo</FirstName>
    <LastName>Kvfuvm</LastName>
    <Email>Nibo_Kvfuvm@gmail.com</Email>
    <LuckyNumber>31</LuckyNumber>
  </Contact>
  <Contact>
    <Id>445</Id>
    <FirstName>Uzkc</FirstName>
    <LastName>Zdytvs</LastName>
    <Email>Uzkc_Zdytvs@gmail.com</Email>
    <LuckyNumber>35</LuckyNumber>
  </Contact>
  <Contact>
    <Id>446</Id>
    <FirstName>Petd</FirstName>
    <LastName>Ssrhib</LastName>
    <Email>Petd_Ssrhib@gmail.com</Email>
    <LuckyNumber>99</LuckyNumber>
  </Contact>
  <Contact>
    <Id>447</Id>
    <FirstName>Dybw</FirstName>
    <LastName>Evfupd</LastName>
    <Email>Dybw_Evfupd@gmail.com</Email>
    <LuckyNumber>65</LuckyNumber>
  </Contact>
  <Contact>
    <Id>448</Id>
    <FirstName>Henm</FirstName>
    <LastName>Dhbijl</LastName>
    <Email>Henm_Dhbijl@gmail.com</Email>
    <LuckyNumber>54</LuckyNumber>
  </Contact>
  <Contact>
    <Id>449</Id>
    <FirstName>Esxv</FirstName>
    <LastName>Hcmcoe</LastName>
    <Email>Esxv_Hcmcoe@gmail.com</Email>
    <LuckyNumber>24</LuckyNumber>
  </Contact>
  <Contact>
    <Id>450</Id>
    <FirstName>Uvla</FirstName>
    <LastName>Dzdobc</LastName>
    <Email>Uvla_Dzdobc@gmail.com</Email>
    <LuckyNumber>22</LuckyNumber>
  </Contact>
  <Contact>
    <Id>451</Id>
    <FirstName>Ywop</FirstName>
    <LastName>Fojgas</LastName>
    <Email>Ywop_Fojgas@gmail.com</Email>
    <LuckyNumber>56</LuckyNumber>
  </Contact>
  <Contact>
    <Id>452</Id>
    <FirstName>Ptjz</FirstName>
    <LastName>Inchmp</LastName>
    <Email>Ptjz_Inchmp@gmail.com</Email>
    <LuckyNumber>49</LuckyNumber>
  </Contact>
  <Contact>
    <Id>453</Id>
    <FirstName>Bjra</FirstName>
    <LastName>Deceuj</LastName>
    <Email>Bjra_Deceuj@gmail.com</Email>
    <LuckyNumber>43</LuckyNumber>
  </Contact>
  <Contact>
    <Id>454</Id>
    <FirstName>Zuag</FirstName>
    <LastName>Rwytie</LastName>
    <Email>Zuag_Rwytie@gmail.com</Email>
    <LuckyNumber>53</LuckyNumber>
  </Contact>
  <Contact>
    <Id>455</Id>
    <FirstName>Ggsr</FirstName>
    <LastName>Dqqmuq</LastName>
    <Email>Ggsr_Dqqmuq@gmail.com</Email>
    <LuckyNumber>64</LuckyNumber>
  </Contact>
  <Contact>
    <Id>456</Id>
    <FirstName>Lvey</FirstName>
    <LastName>Flfdvy</LastName>
    <Email>Lvey_Flfdvy@gmail.com</Email>
    <LuckyNumber>18</LuckyNumber>
  </Contact>
  <Contact>
    <Id>457</Id>
    <FirstName>Euoz</FirstName>
    <LastName>Bwfitg</LastName>
    <Email>Euoz_Bwfitg@gmail.com</Email>
    <LuckyNumber>33</LuckyNumber>
  </Contact>
  <Contact>
    <Id>458</Id>
    <FirstName>Ndki</FirstName>
    <LastName>Lalohp</LastName>
    <Email>Ndki_Lalohp@gmail.com</Email>
    <LuckyNumber>79</LuckyNumber>
  </Contact>
  <Contact>
    <Id>459</Id>
    <FirstName>Iiec</FirstName>
    <LastName>Trmnei</LastName>
    <Email>Iiec_Trmnei@gmail.com</Email>
    <LuckyNumber>60</LuckyNumber>
  </Contact>
  <Contact>
    <Id>460</Id>
    <FirstName>Bcxc</FirstName>
    <LastName>Eouhlx</LastName>
    <Email>Bcxc_Eouhlx@gmail.com</Email>
    <LuckyNumber>37</LuckyNumber>
  </Contact>
  <Contact>
    <Id>461</Id>
    <FirstName>Dibn</FirstName>
    <LastName>Wafrhq</LastName>
    <Email>Dibn_Wafrhq@gmail.com</Email>
    <LuckyNumber>57</LuckyNumber>
  </Contact>
  <Contact>
    <Id>462</Id>
    <FirstName>Jmgu</FirstName>
    <LastName>Zcnwfc</LastName>
    <Email>Jmgu_Zcnwfc@gmail.com</Email>
    <LuckyNumber>1</LuckyNumber>
  </Contact>
  <Contact>
    <Id>463</Id>
    <FirstName>Xbil</FirstName>
    <LastName>Jvxuae</LastName>
    <Email>Xbil_Jvxuae@gmail.com</Email>
    <LuckyNumber>90</LuckyNumber>
  </Contact>
  <Contact>
    <Id>464</Id>
    <FirstName>Yeva</FirstName>
    <LastName>Fumima</LastName>
    <Email>Yeva_Fumima@gmail.com</Email>
    <LuckyNumber>97</LuckyNumber>
  </Contact>
  <Contact>
    <Id>465</Id>
    <FirstName>Mslv</FirstName>
    <LastName>Jprtor</LastName>
    <Email>Mslv_Jprtor@gmail.com</Email>
    <LuckyNumber>28</LuckyNumber>
  </Contact>
  <Contact>
    <Id>466</Id>
    <FirstName>Dlae</FirstName>
    <LastName>Lqjunp</LastName>
    <Email>Dlae_Lqjunp@gmail.com</Email>
    <LuckyNumber>41</LuckyNumber>
  </Contact>
  <Contact>
    <Id>467</Id>
    <FirstName>Mnbz</FirstName>
    <LastName>Zxtkwp</LastName>
    <Email>Mnbz_Zxtkwp@gmail.com</Email>
    <LuckyNumber>97</LuckyNumber>
  </Contact>
  <Contact>
    <Id>468</Id>
    <FirstName>Yopz</FirstName>
    <LastName>Nlicgp</LastName>
    <Email>Yopz_Nlicgp@gmail.com</Email>
    <LuckyNumber>24</LuckyNumber>
  </Contact>
  <Contact>
    <Id>469</Id>
    <FirstName>Rbka</FirstName>
    <LastName>Aivzsn</LastName>
    <Email>Rbka_Aivzsn@gmail.com</Email>
    <LuckyNumber>37</LuckyNumber>
  </Contact>
  <Contact>
    <Id>470</Id>
    <FirstName>Cgyt</FirstName>
    <LastName>Kptaeu</LastName>
    <Email>Cgyt_Kptaeu@gmail.com</Email>
    <LuckyNumber>67</LuckyNumber>
  </Contact>
  <Contact>
    <Id>471</Id>
    <FirstName>Dmlp</FirstName>
    <LastName>Mcxmkj</LastName>
    <Email>Dmlp_Mcxmkj@gmail.com</Email>
    <LuckyNumber>80</LuckyNumber>
  </Contact>
  <Contact>
    <Id>472</Id>
    <FirstName>Fvao</FirstName>
    <LastName>Ywkoxx</LastName>
    <Email>Fvao_Ywkoxx@gmail.com</Email>
    <LuckyNumber>46</LuckyNumber>
  </Contact>
  <Contact>
    <Id>473</Id>
    <FirstName>Oljb</FirstName>
    <LastName>Tbsjgl</LastName>
    <Email>Oljb_Tbsjgl@gmail.com</Email>
    <LuckyNumber>44</LuckyNumber>
  </Contact>
  <Contact>
    <Id>474</Id>
    <FirstName>Axxo</FirstName>
    <LastName>Lwsbgc</LastName>
    <Email>Axxo_Lwsbgc@gmail.com</Email>
    <LuckyNumber>2</LuckyNumber>
  </Contact>
  <Contact>
    <Id>475</Id>
    <FirstName>Hact</FirstName>
    <LastName>Wrxppx</LastName>
    <Email>Hact_Wrxppx@gmail.com</Email>
    <LuckyNumber>77</LuckyNumber>
  </Contact>
  <Contact>
    <Id>476</Id>
    <FirstName>Syzf</FirstName>
    <LastName>Kjwtbc</LastName>
    <Email>Syzf_Kjwtbc@gmail.com</Email>
    <LuckyNumber>37</LuckyNumber>
  </Contact>
  <Contact>
    <Id>477</Id>
    <FirstName>Uvcq</FirstName>
    <LastName>Klowvr</LastName>
    <Email>Uvcq_Klowvr@gmail.com</Email>
    <LuckyNumber>35</LuckyNumber>
  </Contact>
  <Contact>
    <Id>478</Id>
    <FirstName>Oeiy</FirstName>
    <LastName>Afblrv</LastName>
    <Email>Oeiy_Afblrv@gmail.com</Email>
    <LuckyNumber>10</LuckyNumber>
  </Contact>
  <Contact>
    <Id>479</Id>
    <FirstName>Ffzo</FirstName>
    <LastName>Fljfmb</LastName>
    <Email>Ffzo_Fljfmb@gmail.com</Email>
    <LuckyNumber>93</LuckyNumber>
  </Contact>
  <Contact>
    <Id>480</Id>
    <FirstName>Xggr</FirstName>
    <LastName>Fgmatb</LastName>
    <Email>Xggr_Fgmatb@gmail.com</Email>
    <LuckyNumber>11</LuckyNumber>
  </Contact>
  <Contact>
    <Id>481</Id>
    <FirstName>Jjvx</FirstName>
    <LastName>Lirspk</LastName>
    <Email>Jjvx_Lirspk@gmail.com</Email>
    <LuckyNumber>54</LuckyNumber>
  </Contact>
  <Contact>
    <Id>482</Id>
    <FirstName>Gpwr</FirstName>
    <LastName>Wfdmqf</LastName>
    <Email>Gpwr_Wfdmqf@gmail.com</Email>
    <LuckyNumber>31</LuckyNumber>
  </Contact>
  <Contact>
    <Id>483</Id>
    <FirstName>Qgcr</FirstName>
    <LastName>Izuzrc</LastName>
    <Email>Qgcr_Izuzrc@gmail.com</Email>
    <LuckyNumber>50</LuckyNumber>
  </Contact>
  <Contact>
    <Id>484</Id>
    <FirstName>Dwps</FirstName>
    <LastName>Izaotl</LastName>
    <Email>Dwps_Izaotl@gmail.com</Email>
    <LuckyNumber>53</LuckyNumber>
  </Contact>
  <Contact>
    <Id>485</Id>
    <FirstName>Karu</FirstName>
    <LastName>Okgwhl</LastName>
    <Email>Karu_Okgwhl@gmail.com</Email>
    <LuckyNumber>90</LuckyNumber>
  </Contact>
  <Contact>
    <Id>486</Id>
    <FirstName>Btpv</FirstName>
    <LastName>Uaryps</LastName>
    <Email>Btpv_Uaryps@gmail.com</Email>
    <LuckyNumber>46</LuckyNumber>
  </Contact>
  <Contact>
    <Id>487</Id>
    <FirstName>Tmzb</FirstName>
    <LastName>Dxelbl</LastName>
    <Email>Tmzb_Dxelbl@gmail.com</Email>
    <LuckyNumber>86</LuckyNumber>
  </Contact>
  <Contact>
    <Id>488</Id>
    <FirstName>Cwba</FirstName>
    <LastName>Nlktuu</LastName>
    <Email>Cwba_Nlktuu@gmail.com</Email>
    <LuckyNumber>6</LuckyNumber>
  </Contact>
  <Contact>
    <Id>489</Id>
    <FirstName>Fvvd</FirstName>
    <LastName>Nfawvv</LastName>
    <Email>Fvvd_Nfawvv@gmail.com</Email>
    <LuckyNumber>80</LuckyNumber>
  </Contact>
  <Contact>
    <Id>490</Id>
    <FirstName>Yheu</FirstName>
    <LastName>Mhjsvj</LastName>
    <Email>Yheu_Mhjsvj@gmail.com</Email>
    <LuckyNumber>45</LuckyNumber>
  </Contact>
  <Contact>
    <Id>491</Id>
    <FirstName>Erst</FirstName>
    <LastName>Tmgnwy</LastName>
    <Email>Erst_Tmgnwy@gmail.com</Email>
    <LuckyNumber>65</LuckyNumber>
  </Contact>
  <Contact>
    <Id>492</Id>
    <FirstName>Rgef</FirstName>
    <LastName>Zjylfq</LastName>
    <Email>Rgef_Zjylfq@gmail.com</Email>
    <LuckyNumber>3</LuckyNumber>
  </Contact>
  <Contact>
    <Id>493</Id>
    <FirstName>Hyuv</FirstName>
    <LastName>Sycjbz</LastName>
    <Email>Hyuv_Sycjbz@gmail.com</Email>
    <LuckyNumber>69</LuckyNumber>
  </Contact>
  <Contact>
    <Id>494</Id>
    <FirstName>Trek</FirstName>
    <LastName>Tlnqhz</LastName>
    <Email>Trek_Tlnqhz@gmail.com</Email>
    <LuckyNumber>86</LuckyNumber>
  </Contact>
  <Contact>
    <Id>495</Id>
    <FirstName>Hpyq</FirstName>
    <LastName>Ghzuje</LastName>
    <Email>Hpyq_Ghzuje@gmail.com</Email>
    <LuckyNumber>82</LuckyNumber>
  </Contact>
  <Contact>
    <Id>496</Id>
    <FirstName>Dkuy</FirstName>
    <LastName>Xthlmw</LastName>
    <Email>Dkuy_Xthlmw@gmail.com</Email>
    <LuckyNumber>66</LuckyNumber>
  </Contact>
  <Contact>
    <Id>497</Id>
    <FirstName>Znnb</FirstName>
    <LastName>Oqmxoi</LastName>
    <Email>Znnb_Oqmxoi@gmail.com</Email>
    <LuckyNumber>6</LuckyNumber>
  </Contact>
  <Contact>
    <Id>498</Id>
    <FirstName>Kqfx</FirstName>
    <LastName>Crvkhp</LastName>
    <Email>Kqfx_Crvkhp@gmail.com</Email>
    <LuckyNumber>52</LuckyNumber>
  </Contact>
  <Contact>
    <Id>499</Id>
    <FirstName>Ynuq</FirstName>
    <LastName>Votiwm</LastName>
    <Email>Ynuq_Votiwm@gmail.com</Email>
    <LuckyNumber>99</LuckyNumber>
  </Contact>
  <Contact>
    <Id>500</Id>
    <FirstName>Qpkd</FirstName>
    <LastName>Fsjhlp</LastName>
    <Email>Qpkd_Fsjhlp@gmail.com</Email>
    <LuckyNumber>47</LuckyNumber>
  </Contact>
  <Contact>
    <Id>501</Id>
    <FirstName>a</FirstName>
    <LastName>b</LastName>
    <Email>aza@aa.com</Email>
    <LuckyNumber>99</LuckyNumber>
  </Contact>
</Contacts>