﻿<?xml version="1.0" encoding="utf-8"?>
<Contacts>
  <Contact>
    <Id>1</Id>
    <FirstName>Spew</FirstName>
    <LastName>Kmiesi</LastName>
    <Email>Spew_Kmiesi@gmail.com</Email>
  </Contact>
  <Contact>
    <Id>2</Id>
    <FirstName>Brfm</FirstName>
    <LastName>Vcgctr</LastName>
    <Email>Brfm_Vcgctr@gmail.com</Email>
  </Contact>
  <Contact>
    <Id>3</Id>
    <FirstName>Wqxt</FirstName>
    <LastName>Nbjaro</LastName>
    <Email>Wqxt_Nbjaro@gmail.com</Email>
  </Contact>
  <Contact>
    <Id>4</Id>
    <FirstName>Dshb</FirstName>
    <LastName>Kwvxha</LastName>
    <Email>Dshb_Kwvxha@gmail.com</Email>
  </Contact>
  <Contact>
    <Id>6</Id>
    <FirstName>Cxqu</FirstName>
    <LastName>Lcrljj</LastName>
    <Email>Cxqu_Lcrljj@gmail.com</Email>
  </Contact>
  <Contact>
    <Id>7</Id>
    <FirstName>Dine</FirstName>
    <LastName>Fjjebz</LastName>
    <Email>Dine_Fjjebz@gmail.com</Email>
  </Contact>
  <Contact>
    <Id>8</Id>
    <FirstName>Hivs</FirstName>
    <LastName>Wfmasu</LastName>
    <Email>Hivs_Wfmasu@gmail.com</Email>
  </Contact>
  <Contact>
    <Id>9</Id>
    <FirstName>Wywt</FirstName>
    <LastName>Lfbmpi</LastName>
    <Email>Wywt_Lfbmpi@gmail.com</Email>
  </Contact>
  <Contact>
    <Id>10</Id>
    <FirstName>Ejoy</FirstName>
    <LastName>Xmezrr</LastName>
    <Email>Ejoy_Xmezrr@gmail.com</Email>
  </Contact>
  <Contact>
    <Id>11</Id>
    <FirstName>Iaje</FirstName>
    <LastName>Ptcxxg</LastName>
    <Email>Iaje_Ptcxxg@gmail.com</Email>
  </Contact>
  <Contact>
    <Id>12</Id>
    <FirstName>Qrso</FirstName>
    <LastName>Mfltsa</LastName>
    <Email>Qrso_Mfltsa@gmail.com</Email>
  </Contact>
  <Contact>
    <Id>13</Id>
    <FirstName>Hxot</FirstName>
    <LastName>Vyuxvk</LastName>
    <Email>Hxot_Vyuxvk@gmail.com</Email>
  </Contact>
  <Contact>
    <Id>14</Id>
    <FirstName>Bmjb</FirstName>
    <LastName>Mwosdr</LastName>
    <Email>Bmjb_Mwosdr@gmail.com</Email>
  </Contact>
  <Contact>
    <Id>15</Id>
    <FirstName>Cepj</FirstName>
    <LastName>Rmqzlr</LastName>
    <Email>Cepj_Rmqzlr@gmail.com</Email>
  </Contact>
  <Contact>
    <Id>16</Id>
    <FirstName>Akhr</FirstName>
    <LastName>Kllqjr</LastName>
    <Email>Akhr_Kllqjr@gmail.com</Email>
  </Contact>
  <Contact>
    <Id>17</Id>
    <FirstName>Yfcm</FirstName>
    <LastName>Eeirbp</LastName>
    <Email>Yfcm_Eeirbp@gmail.com</Email>
  </Contact>
  <Contact>
    <Id>18</Id>
    <FirstName>Qtqa</FirstName>
    <LastName>Xchebi</LastName>
    <Email>Qtqa_Xchebi@gmail.com</Email>
  </Contact>
  <Contact>
    <Id>19</Id>
    <FirstName>Huld</FirstName>
    <LastName>Kqfsra</LastName>
    <Email>Huld_Kqfsra@gmail.com</Email>
  </Contact>
  <Contact>
    <Id>20</Id>
    <FirstName>Kyim</FirstName>
    <LastName>Sxbcfn</LastName>
    <Email>Kyim_Sxbcfn@gmail.com</Email>
  </Contact>
  <Contact>
    <Id>21</Id>
    <FirstName>Ezxv</FirstName>
    <LastName>Bgugth</LastName>
    <Email>Ezxv_Bgugth@gmail.com</Email>
  </Contact>
  <Contact>
    <Id>22</Id>
    <FirstName>Ehpa</FirstName>
    <LastName>Ketycn</LastName>
    <Email>Ehpa_Ketycn@gmail.com</Email>
  </Contact>
  <Contact>
    <Id>23</Id>
    <FirstName>Zqab</FirstName>
    <LastName>Fskehz</LastName>
    <Email>Zqab_Fskehz@gmail.com</Email>
  </Contact>
  <Contact>
    <Id>24</Id>
    <FirstName>Bezn</FirstName>
    <LastName>Ehwqcd</LastName>
    <Email>Bezn_Ehwqcd@gmail.com</Email>
  </Contact>
  <Contact>
    <Id>25</Id>
    <FirstName>Wyyj</FirstName>
    <LastName>Wdjibo</LastName>
    <Email>Wyyj_Wdjibo@gmail.com</Email>
  </Contact>
  <Contact>
    <Id>26</Id>
    <FirstName>Ddar</FirstName>
    <LastName>Oozwqj</LastName>
    <Email>Ddar_Oozwqj@gmail.com</Email>
  </Contact>
  <Contact>
    <Id>27</Id>
    <FirstName>Vqyt</FirstName>
    <LastName>Gzibwc</LastName>
    <Email>Vqyt_Gzibwc@gmail.com</Email>
  </Contact>
  <Contact>
    <Id>28</Id>
    <FirstName>Hdwy</FirstName>
    <LastName>Qarqeb</LastName>
    <Email>Hdwy_Qarqeb@gmail.com</Email>
  </Contact>
  <Contact>
    <Id>29</Id>
    <FirstName>Iccs</FirstName>
    <LastName>Wxehyq</LastName>
    <Email>Iccs_Wxehyq@gmail.com</Email>
  </Contact>
  <Contact>
    <Id>30</Id>
    <FirstName>Iazs</FirstName>
    <LastName>Igzedx</LastName>
    <Email>Iazs_Igzedx@gmail.com</Email>
  </Contact>
  <Contact>
    <Id>31</Id>
    <FirstName>Uhlz</FirstName>
    <LastName>Hzhcao</LastName>
    <Email>Uhlz_Hzhcao@gmail.com</Email>
  </Contact>
  <Contact>
    <Id>33</Id>
    <FirstName>Vadg</FirstName>
    <LastName>Ugddpk</LastName>
    <Email>Vadg_Ugddpk@gmail.com</Email>
  </Contact>
  <Contact>
    <Id>34</Id>
    <FirstName>Anmh</FirstName>
    <LastName>Haqckw</LastName>
    <Email>Anmh_Haqckw@gmail.com</Email>
  </Contact>
  <Contact>
    <Id>35</Id>
    <FirstName>Qbhk</FirstName>
    <LastName>Uzilrp</LastName>
    <Email>Qbhk_Uzilrp@gmail.com</Email>
  </Contact>
  <Contact>
    <Id>36</Id>
    <FirstName>Sthv</FirstName>
    <LastName>Cueffb</LastName>
    <Email>Sthv_Cueffb@gmail.com</Email>
  </Contact>
  <Contact>
    <Id>37</Id>
    <FirstName>Vdmq</FirstName>
    <LastName>Niwjha</LastName>
    <Email>Vdmq_Niwjha@gmail.com</Email>
  </Contact>
  <Contact>
    <Id>38</Id>
    <FirstName>Ckua</FirstName>
    <LastName>Stttmu</LastName>
    <Email>Ckua_Stttmu@gmail.com</Email>
  </Contact>
  <Contact>
    <Id>39</Id>
    <FirstName>Xsla</FirstName>
    <LastName>Rgfrfm</LastName>
    <Email>Xsla_Rgfrfm@gmail.com</Email>
  </Contact>
  <Contact>
    <Id>41</Id>
    <FirstName>Czdr</FirstName>
    <LastName>Mizgci</LastName>
    <Email>Czdr_Mizgci@gmail.com</Email>
  </Contact>
  <Contact>
    <Id>42</Id>
    <FirstName>Blsk</FirstName>
    <LastName>Ddrlyg</LastName>
    <Email>Blsk_Ddrlyg@gmail.com</Email>
  </Contact>
  <Contact>
    <Id>43</Id>
    <FirstName>Dfeu</FirstName>
    <LastName>Dqnlaf</LastName>
    <Email>Dfeu_Dqnlaf@gmail.com</Email>
  </Contact>
  <Contact>
    <Id>44</Id>
    <FirstName>Ebwb</FirstName>
    <LastName>Syptoj</LastName>
    <Email>Ebwb_Syptoj@gmail.com</Email>
  </Contact>
  <Contact>
    <Id>45</Id>
    <FirstName>Hzow</FirstName>
    <LastName>Llsnfx</LastName>
    <Email>Hzow_Llsnfx@gmail.com</Email>
  </Contact>
  <Contact>
    <Id>46</Id>
    <FirstName>Udsp</FirstName>
    <LastName>Ixuiow</LastName>
    <Email>Udsp_Ixuiow@gmail.com</Email>
  </Contact>
  <Contact>
    <Id>47</Id>
    <FirstName>Ungx</FirstName>
    <LastName>Ezorsf</LastName>
    <Email>Ungx_Ezorsf@gmail.com</Email>
  </Contact>
  <Contact>
    <Id>48</Id>
    <FirstName>Nxxp</FirstName>
    <LastName>Zdqhjs</LastName>
    <Email>Nxxp_Zdqhjs@gmail.com</Email>
  </Contact>
  <Contact>
    <Id>49</Id>
    <FirstName>Xafc</FirstName>
    <LastName>Kbjhtu</LastName>
    <Email>Xafc_Kbjhtu@gmail.com</Email>
  </Contact>
  <Contact>
    <Id>50</Id>
    <FirstName>Dhfs</FirstName>
    <LastName>Otsrsm</LastName>
    <Email>Dhfs_Otsrsm@gmail.com</Email>
  </Contact>
  <Contact>
    <Id>51</Id>
    <FirstName>Wbua</FirstName>
    <LastName>Kwfdqe</LastName>
    <Email>Wbua_Kwfdqe@gmail.com</Email>
  </Contact>
  <Contact>
    <Id>52</Id>
    <FirstName>Gmzw</FirstName>
    <LastName>Yuidmc</LastName>
    <Email>Gmzw_Yuidmc@gmail.com</Email>
  </Contact>
  <Contact>
    <Id>53</Id>
    <FirstName>Qhyx</FirstName>
    <LastName>Bgsfaf</LastName>
    <Email>Qhyx_Bgsfaf@gmail.com</Email>
  </Contact>
  <Contact>
    <Id>54</Id>
    <FirstName>Kzpx</FirstName>
    <LastName>Vwfesn</LastName>
    <Email>Kzpx_Vwfesn@gmail.com</Email>
  </Contact>
  <Contact>
    <Id>55</Id>
    <FirstName>Wgqo</FirstName>
    <LastName>Nrhjtu</LastName>
    <Email>Wgqo_Nrhjtu@gmail.com</Email>
  </Contact>
  <Contact>
    <Id>56</Id>
    <FirstName>Lpep</FirstName>
    <LastName>Vpcwzd</LastName>
    <Email>Lpep_Vpcwzd@gmail.com</Email>
  </Contact>
  <Contact>
    <Id>57</Id>
    <FirstName>Ezcl</FirstName>
    <LastName>Thwbab</LastName>
    <Email>Ezcl_Thwbab@gmail.com</Email>
  </Contact>
  <Contact>
    <Id>58</Id>
    <FirstName>Odkz</FirstName>
    <LastName>Gkqjkk</LastName>
    <Email>Odkz_Gkqjkk@gmail.com</Email>
  </Contact>
  <Contact>
    <Id>59</Id>
    <FirstName>Yilg</FirstName>
    <LastName>Tvuabf</LastName>
    <Email>Yilg_Tvuabf@gmail.com</Email>
  </Contact>
  <Contact>
    <Id>60</Id>
    <FirstName>Ujfp</FirstName>
    <LastName>Iwdfvg</LastName>
    <Email>Ujfp_Iwdfvg@gmail.com</Email>
  </Contact>
  <Contact>
    <Id>61</Id>
    <FirstName>Ufis</FirstName>
    <LastName>Fhefil</LastName>
    <Email>Ufis_Fhefil@gmail.com</Email>
  </Contact>
  <Contact>
    <Id>62</Id>
    <FirstName>Ytmo</FirstName>
    <LastName>Fwnvry</LastName>
    <Email>Ytmo_Fwnvry@gmail.com</Email>
  </Contact>
  <Contact>
    <Id>63</Id>
    <FirstName>Mwau</FirstName>
    <LastName>Hfxvqk</LastName>
    <Email>Mwau_Hfxvqk@gmail.com</Email>
  </Contact>
  <Contact>
    <Id>64</Id>
    <FirstName>Glnd</FirstName>
    <LastName>Psztbl</LastName>
    <Email>Glnd_Psztbl@gmail.com</Email>
  </Contact>
  <Contact>
    <Id>65</Id>
    <FirstName>Qpsp</FirstName>
    <LastName>Hawqjm</LastName>
    <Email>Qpsp_Hawqjm@gmail.com</Email>
  </Contact>
  <Contact>
    <Id>66</Id>
    <FirstName>Iinx</FirstName>
    <LastName>Txfolz</LastName>
    <Email>Iinx_Txfolz@gmail.com</Email>
  </Contact>
  <Contact>
    <Id>67</Id>
    <FirstName>Kjox</FirstName>
    <LastName>Fmfizm</LastName>
    <Email>Kjox_Fmfizm@gmail.com</Email>
  </Contact>
  <Contact>
    <Id>68</Id>
    <FirstName>Wuuf</FirstName>
    <LastName>Hxekng</LastName>
    <Email>Wuuf_Hxekng@gmail.com</Email>
  </Contact>
  <Contact>
    <Id>69</Id>
    <FirstName>Jgld</FirstName>
    <LastName>Cxxqks</LastName>
    <Email>Jgld_Cxxqks@gmail.com</Email>
  </Contact>
  <Contact>
    <Id>70</Id>
    <FirstName>Nlhb</FirstName>
    <LastName>Bhbuku</LastName>
    <Email>Nlhb_Bhbuku@gmail.com</Email>
  </Contact>
  <Contact>
    <Id>71</Id>
    <FirstName>Vnrx</FirstName>
    <LastName>Qnoipw</LastName>
    <Email>Vnrx_Qnoipw@gmail.com</Email>
  </Contact>
  <Contact>
    <Id>72</Id>
    <FirstName>Tuae</FirstName>
    <LastName>Qdxkvh</LastName>
    <Email>Tuae_Qdxkvh@gmail.com</Email>
  </Contact>
  <Contact>
    <Id>73</Id>
    <FirstName>Poyg</FirstName>
    <LastName>Zknsea</LastName>
    <Email>Poyg_Zknsea@gmail.com</Email>
  </Contact>
  <Contact>
    <Id>74</Id>
    <FirstName>Vjat</FirstName>
    <LastName>Lvoono</LastName>
    <Email>Vjat_Lvoono@gmail.com</Email>
  </Contact>
  <Contact>
    <Id>75</Id>
    <FirstName>Jpao</FirstName>
    <LastName>Yslcly</LastName>
    <Email>Jpao_Yslcly@gmail.com</Email>
  </Contact>
  <Contact>
    <Id>76</Id>
    <FirstName>Kqzc</FirstName>
    <LastName>Fgpkxf</LastName>
    <Email>Kqzc_Fgpkxf@gmail.com</Email>
  </Contact>
  <Contact>
    <Id>78</Id>
    <FirstName>Oiwg</FirstName>
    <LastName>Yzojig</LastName>
    <Email>Oiwg_Yzojig@gmail.com</Email>
  </Contact>
  <Contact>
    <Id>79</Id>
    <FirstName>Zkhf</FirstName>
    <LastName>Pfkxof</LastName>
    <Email>Zkhf_Pfkxof@gmail.com</Email>
  </Contact>
  <Contact>
    <Id>80</Id>
    <FirstName>Geri</FirstName>
    <LastName>Onlkoo</LastName>
    <Email>Geri_Onlkoo@gmail.com</Email>
  </Contact>
  <Contact>
    <Id>81</Id>
    <FirstName>Yejq</FirstName>
    <LastName>Jbtsef</LastName>
    <Email>Yejq_Jbtsef@gmail.com</Email>
  </Contact>
  <Contact>
    <Id>82</Id>
    <FirstName>Rgcq</FirstName>
    <LastName>Fpoyzu</LastName>
    <Email>Rgcq_Fpoyzu@gmail.com</Email>
  </Contact>
  <Contact>
    <Id>83</Id>
    <FirstName>Zwso</FirstName>
    <LastName>Okrork</LastName>
    <Email>Zwso_Okrork@gmail.com</Email>
  </Contact>
  <Contact>
    <Id>84</Id>
    <FirstName>Ndut</FirstName>
    <LastName>Ivarvo</LastName>
    <Email>Ndut_Ivarvo@gmail.com</Email>
  </Contact>
  <Contact>
    <Id>85</Id>
    <FirstName>Lrsi</FirstName>
    <LastName>Nzbacy</LastName>
    <Email>Lrsi_Nzbacy@gmail.com</Email>
  </Contact>
  <Contact>
    <Id>86</Id>
    <FirstName>Ynkt</FirstName>
    <LastName>Oclvbz</LastName>
    <Email>Ynkt_Oclvbz@gmail.com</Email>
  </Contact>
  <Contact>
    <Id>87</Id>
    <FirstName>Kfat</FirstName>
    <LastName>Soliik</LastName>
    <Email>Kfat_Soliik@gmail.com</Email>
  </Contact>
  <Contact>
    <Id>88</Id>
    <FirstName>Pxcl</FirstName>
    <LastName>Jidkao</LastName>
    <Email>Pxcl_Jidkao@gmail.com</Email>
  </Contact>
  <Contact>
    <Id>89</Id>
    <FirstName>Iqlt</FirstName>
    <LastName>Mzsbeg</LastName>
    <Email>Iqlt_Mzsbeg@gmail.com</Email>
  </Contact>
  <Contact>
    <Id>90</Id>
    <FirstName>Kfpw</FirstName>
    <LastName>Egqzpz</LastName>
    <Email>Kfpw_Egqzpz@gmail.com</Email>
  </Contact>
  <Contact>
    <Id>91</Id>
    <FirstName>Osss</FirstName>
    <LastName>Jblzkg</LastName>
    <Email>Osss_Jblzkg@gmail.com</Email>
  </Contact>
  <Contact>
    <Id>92</Id>
    <FirstName>Yaum</FirstName>
    <LastName>Qtthhs</LastName>
    <Email>Yaum_Qtthhs@gmail.com</Email>
  </Contact>
  <Contact>
    <Id>93</Id>
    <FirstName>Vkdb</FirstName>
    <LastName>Zjifhc</LastName>
    <Email>Vkdb_Zjifhc@gmail.com</Email>
  </Contact>
  <Contact>
    <Id>95</Id>
    <FirstName>Otqy</FirstName>
    <LastName>Hjkcgk</LastName>
    <Email>Otqy_Hjkcgk@gmail.com</Email>
  </Contact>
  <Contact>
    <Id>96</Id>
    <FirstName>Mirx</FirstName>
    <LastName>Eeoqtz</LastName>
    <Email>Mirx_Eeoqtz@gmail.com</Email>
  </Contact>
  <Contact>
    <Id>97</Id>
    <FirstName>Sfsi</FirstName>
    <LastName>Ouftmz</LastName>
    <Email>Sfsi_Ouftmz@gmail.com</Email>
  </Contact>
  <Contact>
    <Id>98</Id>
    <FirstName>Wayw</FirstName>
    <LastName>Dbtfup</LastName>
    <Email>Wayw_Dbtfup@gmail.com</Email>
  </Contact>
  <Contact>
    <Id>99</Id>
    <FirstName>Zfzw</FirstName>
    <LastName>Pimyxv</LastName>
    <Email>Zfzw_Pimyxv@gmail.com</Email>
  </Contact>
  <Contact>
    <Id>100</Id>
    <FirstName>Cgzj</FirstName>
    <LastName>Sjbijm</LastName>
    <Email>Cgzj_Sjbijm@gmail.com</Email>
  </Contact>
  <Contact>
    <Id>101</Id>
    <FirstName>Eqpg</FirstName>
    <LastName>Olkvtc</LastName>
    <Email>Eqpg_Olkvtc@gmail.com</Email>
  </Contact>
  <Contact>
    <Id>103</Id>
    <FirstName>Ihwr</FirstName>
    <LastName>Xpboeu</LastName>
    <Email>Ihwr_Xpboeu@gmail.com</Email>
  </Contact>
  <Contact>
    <Id>104</Id>
    <FirstName>Akvh</FirstName>
    <LastName>Lipthd</LastName>
    <Email>Akvh_Lipthd@gmail.com</Email>
  </Contact>
  <Contact>
    <Id>105</Id>
    <FirstName>Yqeu</FirstName>
    <LastName>Ktkwje</LastName>
    <Email>Yqeu_Ktkwje@gmail.com</Email>
  </Contact>
  <Contact>
    <Id>106</Id>
    <FirstName>Dfqd</FirstName>
    <LastName>Extyiz</LastName>
    <Email>Dfqd_Extyiz@gmail.com</Email>
  </Contact>
  <Contact>
    <Id>107</Id>
    <FirstName>Kvry</FirstName>
    <LastName>Canosr</LastName>
    <Email>Kvry_Canosr@gmail.com</Email>
  </Contact>
  <Contact>
    <Id>108</Id>
    <FirstName>Xlno</FirstName>
    <LastName>Hrccge</LastName>
    <Email>Xlno_Hrccge@gmail.com</Email>
  </Contact>
  <Contact>
    <Id>109</Id>
    <FirstName>Fefz</FirstName>
    <LastName>Ruusdn</LastName>
    <Email>Fefz_Ruusdn@gmail.com</Email>
  </Contact>
  <Contact>
    <Id>110</Id>
    <FirstName>Prli</FirstName>
    <LastName>Scygrj</LastName>
    <Email>Prli_Scygrj@gmail.com</Email>
  </Contact>
  <Contact>
    <Id>111</Id>
    <FirstName>Fver</FirstName>
    <LastName>Hrrcwm</LastName>
    <Email>Fver_Hrrcwm@gmail.com</Email>
  </Contact>
  <Contact>
    <Id>112</Id>
    <FirstName>Vrsd</FirstName>
    <LastName>Tgpshh</LastName>
    <Email>Vrsd_Tgpshh@gmail.com</Email>
  </Contact>
  <Contact>
    <Id>113</Id>
    <FirstName>Gvle</FirstName>
    <LastName>Cgafve</LastName>
    <Email>Gvle_Cgafve@gmail.com</Email>
  </Contact>
  <Contact>
    <Id>114</Id>
    <FirstName>Svkw</FirstName>
    <LastName>Ykaorz</LastName>
    <Email>Svkw_Ykaorz@gmail.com</Email>
  </Contact>
  <Contact>
    <Id>115</Id>
    <FirstName>Dsvq</FirstName>
    <LastName>Sxzipm</LastName>
    <Email>Dsvq_Sxzipm@gmail.com</Email>
  </Contact>
  <Contact>
    <Id>116</Id>
    <FirstName>Ngzj</FirstName>
    <LastName>Dkjapb</LastName>
    <Email>Ngzj_Dkjapb@gmail.com</Email>
  </Contact>
  <Contact>
    <Id>117</Id>
    <FirstName>Rmgr</FirstName>
    <LastName>Tzhvej</LastName>
    <Email>Rmgr_Tzhvej@gmail.com</Email>
  </Contact>
  <Contact>
    <Id>118</Id>
    <FirstName>Gbbh</FirstName>
    <LastName>Enzvle</LastName>
    <Email>Gbbh_Enzvle@gmail.com</Email>
  </Contact>
  <Contact>
    <Id>119</Id>
    <FirstName>Gsqi</FirstName>
    <LastName>Rmwaso</LastName>
    <Email>Gsqi_Rmwaso@gmail.com</Email>
  </Contact>
  <Contact>
    <Id>120</Id>
    <FirstName>Azzp</FirstName>
    <LastName>Iqlewt</LastName>
    <Email>Azzp_Iqlewt@gmail.com</Email>
  </Contact>
  <Contact>
    <Id>121</Id>
    <FirstName>Qddf</FirstName>
    <LastName>Gmfrfp</LastName>
    <Email>Qddf_Gmfrfp@gmail.com</Email>
  </Contact>
  <Contact>
    <Id>122</Id>
    <FirstName>Lnok</FirstName>
    <LastName>Uzwxah</LastName>
    <Email>Lnok_Uzwxah@gmail.com</Email>
  </Contact>
  <Contact>
    <Id>123</Id>
    <FirstName>Cgcq</FirstName>
    <LastName>Igclzo</LastName>
    <Email>Cgcq_Igclzo@gmail.com</Email>
  </Contact>
  <Contact>
    <Id>124</Id>
    <FirstName>Cvzr</FirstName>
    <LastName>Odokcf</LastName>
    <Email>Cvzr_Odokcf@gmail.com</Email>
  </Contact>
  <Contact>
    <Id>125</Id>
    <FirstName>Gfvc</FirstName>
    <LastName>Cnkouj</LastName>
    <Email>Gfvc_Cnkouj@gmail.com</Email>
  </Contact>
  <Contact>
    <Id>126</Id>
    <FirstName>Uneo</FirstName>
    <LastName>Rjbnwz</LastName>
    <Email>Uneo_Rjbnwz@gmail.com</Email>
  </Contact>
  <Contact>
    <Id>127</Id>
    <FirstName>Jurr</FirstName>
    <LastName>Nqoxvr</LastName>
    <Email>Jurr_Nqoxvr@gmail.com</Email>
  </Contact>
  <Contact>
    <Id>129</Id>
    <FirstName>Vnqp</FirstName>
    <LastName>Toqkaf</LastName>
    <Email>Vnqp_Toqkaf@gmail.com</Email>
  </Contact>
  <Contact>
    <Id>130</Id>
    <FirstName>Caod</FirstName>
    <LastName>Vmnepm</LastName>
    <Email>Caod_Vmnepm@gmail.com</Email>
  </Contact>
  <Contact>
    <Id>131</Id>
    <FirstName>Yntd</FirstName>
    <LastName>Yitjou</LastName>
    <Email>Yntd_Yitjou@gmail.com</Email>
  </Contact>
  <Contact>
    <Id>132</Id>
    <FirstName>Xbaa</FirstName>
    <LastName>Dwdcxz</LastName>
    <Email>Xbaa_Dwdcxz@gmail.com</Email>
  </Contact>
  <Contact>
    <Id>133</Id>
    <FirstName>Zdwq</FirstName>
    <LastName>Pkxrzn</LastName>
    <Email>Zdwq_Pkxrzn@gmail.com</Email>
  </Contact>
  <Contact>
    <Id>134</Id>
    <FirstName>Jhka</FirstName>
    <LastName>Wiunrk</LastName>
    <Email>Jhka_Wiunrk@gmail.com</Email>
  </Contact>
  <Contact>
    <Id>135</Id>
    <FirstName>Vhwg</FirstName>
    <LastName>Haanzy</LastName>
    <Email>Vhwg_Haanzy@gmail.com</Email>
  </Contact>
  <Contact>
    <Id>136</Id>
    <FirstName>Jlgp</FirstName>
    <LastName>Nuqdno</LastName>
    <Email>Jlgp_Nuqdno@gmail.com</Email>
  </Contact>
  <Contact>
    <Id>137</Id>
    <FirstName>Lbka</FirstName>
    <LastName>Lqqzev</LastName>
    <Email>Lbka_Lqqzev@gmail.com</Email>
  </Contact>
  <Contact>
    <Id>138</Id>
    <FirstName>Cqkm</FirstName>
    <LastName>Eshqio</LastName>
    <Email>Cqkm_Eshqio@gmail.com</Email>
  </Contact>
  <Contact>
    <Id>139</Id>
    <FirstName>Kksa</FirstName>
    <LastName>Exaunb</LastName>
    <Email>Kksa_Exaunb@gmail.com</Email>
  </Contact>
  <Contact>
    <Id>140</Id>
    <FirstName>Rqzd</FirstName>
    <LastName>Ztxvvr</LastName>
    <Email>Rqzd_Ztxvvr@gmail.com</Email>
  </Contact>
  <Contact>
    <Id>141</Id>
    <FirstName>Kaid</FirstName>
    <LastName>Wsatlu</LastName>
    <Email>Kaid_Wsatlu@gmail.com</Email>
  </Contact>
  <Contact>
    <Id>142</Id>
    <FirstName>Navz</FirstName>
    <LastName>Dajjvn</LastName>
    <Email>Navz_Dajjvn@gmail.com</Email>
  </Contact>
  <Contact>
    <Id>143</Id>
    <FirstName>Pvmc</FirstName>
    <LastName>Elrhnk</LastName>
    <Email>Pvmc_Elrhnk@gmail.com</Email>
  </Contact>
  <Contact>
    <Id>144</Id>
    <FirstName>Vlvq</FirstName>
    <LastName>Ekboel</LastName>
    <Email>Vlvq_Ekboel@gmail.com</Email>
  </Contact>
  <Contact>
    <Id>145</Id>
    <FirstName>Xhjs</FirstName>
    <LastName>Orvazy</LastName>
    <Email>Xhjs_Orvazy@gmail.com</Email>
  </Contact>
  <Contact>
    <Id>146</Id>
    <FirstName>Knzh</FirstName>
    <LastName>Coogzk</LastName>
    <Email>Knzh_Coogzk@gmail.com</Email>
  </Contact>
  <Contact>
    <Id>147</Id>
    <FirstName>Bsga</FirstName>
    <LastName>Zbeeut</LastName>
    <Email>Bsga_Zbeeut@gmail.com</Email>
  </Contact>
  <Contact>
    <Id>148</Id>
    <FirstName>Yvfk</FirstName>
    <LastName>Qhmtnm</LastName>
    <Email>Yvfk_Qhmtnm@gmail.com</Email>
  </Contact>
  <Contact>
    <Id>150</Id>
    <FirstName>Vvot</FirstName>
    <LastName>Jeaism</LastName>
    <Email>Vvot_Jeaism@gmail.com</Email>
  </Contact>
  <Contact>
    <Id>151</Id>
    <FirstName>Mrff</FirstName>
    <LastName>Zohpru</LastName>
    <Email>Mrff_Zohpru@gmail.com</Email>
  </Contact>
  <Contact>
    <Id>152</Id>
    <FirstName>Cusm</FirstName>
    <LastName>Vkkszr</LastName>
    <Email>Cusm_Vkkszr@gmail.com</Email>
  </Contact>
  <Contact>
    <Id>153</Id>
    <FirstName>Pqqe</FirstName>
    <LastName>Xdgmam</LastName>
    <Email>Pqqe_Xdgmam@gmail.com</Email>
  </Contact>
  <Contact>
    <Id>155</Id>
    <FirstName>Awwt</FirstName>
    <LastName>Nbcbyz</LastName>
    <Email>Awwt_Nbcbyz@gmail.com</Email>
  </Contact>
  <Contact>
    <Id>156</Id>
    <FirstName>Tija</FirstName>
    <LastName>Wwabhw</LastName>
    <Email>Tija_Wwabhw@gmail.com</Email>
  </Contact>
  <Contact>
    <Id>157</Id>
    <FirstName>Ivpf</FirstName>
    <LastName>Nztrmw</LastName>
    <Email>Ivpf_Nztrmw@gmail.com</Email>
  </Contact>
  <Contact>
    <Id>158</Id>
    <FirstName>Ygdo</FirstName>
    <LastName>Rttxqw</LastName>
    <Email>Ygdo_Rttxqw@gmail.com</Email>
  </Contact>
  <Contact>
    <Id>159</Id>
    <FirstName>Beoa</FirstName>
    <LastName>Szuzed</LastName>
    <Email>Beoa_Szuzed@gmail.com</Email>
  </Contact>
  <Contact>
    <Id>160</Id>
    <FirstName>Xkvs</FirstName>
    <LastName>Dfgrgo</LastName>
    <Email>Xkvs_Dfgrgo@gmail.com</Email>
  </Contact>
  <Contact>
    <Id>161</Id>
    <FirstName>Hlpb</FirstName>
    <LastName>Bneujc</LastName>
    <Email>Hlpb_Bneujc@gmail.com</Email>
  </Contact>
  <Contact>
    <Id>162</Id>
    <FirstName>Cdkl</FirstName>
    <LastName>Vegonn</LastName>
    <Email>Cdkl_Vegonn@gmail.com</Email>
  </Contact>
  <Contact>
    <Id>163</Id>
    <FirstName>Fumj</FirstName>
    <LastName>Ynllkm</LastName>
    <Email>Fumj_Ynllkm@gmail.com</Email>
  </Contact>
  <Contact>
    <Id>164</Id>
    <FirstName>Mcqb</FirstName>
    <LastName>Oppmzf</LastName>
    <Email>Mcqb_Oppmzf@gmail.com</Email>
  </Contact>
  <Contact>
    <Id>165</Id>
    <FirstName>Uzqb</FirstName>
    <LastName>Buakxz</LastName>
    <Email>Uzqb_Buakxz@gmail.com</Email>
  </Contact>
  <Contact>
    <Id>166</Id>
    <FirstName>Ysds</FirstName>
    <LastName>Jnygcn</LastName>
    <Email>Ysds_Jnygcn@gmail.com</Email>
  </Contact>
  <Contact>
    <Id>167</Id>
    <FirstName>Ctkw</FirstName>
    <LastName>Qzmiwf</LastName>
    <Email>Ctkw_Qzmiwf@gmail.com</Email>
  </Contact>
  <Contact>
    <Id>168</Id>
    <FirstName>Otoi</FirstName>
    <LastName>Tfdlhe</LastName>
    <Email>Otoi_Tfdlhe@gmail.com</Email>
  </Contact>
  <Contact>
    <Id>169</Id>
    <FirstName>Nanl</FirstName>
    <LastName>Nuyysb</LastName>
    <Email>Nanl_Nuyysb@gmail.com</Email>
  </Contact>
  <Contact>
    <Id>170</Id>
    <FirstName>Rikm</FirstName>
    <LastName>Dbptlb</LastName>
    <Email>Rikm_Dbptlb@gmail.com</Email>
  </Contact>
  <Contact>
    <Id>171</Id>
    <FirstName>Hros</FirstName>
    <LastName>Kedvzd</LastName>
    <Email>Hros_Kedvzd@gmail.com</Email>
  </Contact>
  <Contact>
    <Id>172</Id>
    <FirstName>Jnyy</FirstName>
    <LastName>Zbfyjv</LastName>
    <Email>Jnyy_Zbfyjv@gmail.com</Email>
  </Contact>
  <Contact>
    <Id>173</Id>
    <FirstName>Aoqu</FirstName>
    <LastName>Ofjcfr</LastName>
    <Email>Aoqu_Ofjcfr@gmail.com</Email>
  </Contact>
  <Contact>
    <Id>174</Id>
    <FirstName>Qjzg</FirstName>
    <LastName>Xwlvbi</LastName>
    <Email>Qjzg_Xwlvbi@gmail.com</Email>
  </Contact>
  <Contact>
    <Id>175</Id>
    <FirstName>Qcyo</FirstName>
    <LastName>Rekmmb</LastName>
    <Email>Qcyo_Rekmmb@gmail.com</Email>
  </Contact>
  <Contact>
    <Id>177</Id>
    <FirstName>Vaqh</FirstName>
    <LastName>Nznrbd</LastName>
    <Email>Vaqh_Nznrbd@gmail.com</Email>
  </Contact>
  <Contact>
    <Id>178</Id>
    <FirstName>Pjwa</FirstName>
    <LastName>Eypcdk</LastName>
    <Email>Pjwa_Eypcdk@gmail.com</Email>
  </Contact>
  <Contact>
    <Id>179</Id>
    <FirstName>Vxqd</FirstName>
    <LastName>Vzzkfd</LastName>
    <Email>Vxqd_Vzzkfd@gmail.com</Email>
  </Contact>
  <Contact>
    <Id>180</Id>
    <FirstName>Vsrx</FirstName>
    <LastName>Npmrbr</LastName>
    <Email>Vsrx_Npmrbr@gmail.com</Email>
  </Contact>
  <Contact>
    <Id>181</Id>
    <FirstName>Qsli</FirstName>
    <LastName>Lmujlc</LastName>
    <Email>Qsli_Lmujlc@gmail.com</Email>
  </Contact>
  <Contact>
    <Id>182</Id>
    <FirstName>Dyqt</FirstName>
    <LastName>Ixkmln</LastName>
    <Email>Dyqt_Ixkmln@gmail.com</Email>
  </Contact>
  <Contact>
    <Id>183</Id>
    <FirstName>Admx</FirstName>
    <LastName>Ixrzmo</LastName>
    <Email>Admx_Ixrzmo@gmail.com</Email>
  </Contact>
  <Contact>
    <Id>184</Id>
    <FirstName>Lybl</FirstName>
    <LastName>Tcmhsj</LastName>
    <Email>Lybl_Tcmhsj@gmail.com</Email>
  </Contact>
  <Contact>
    <Id>186</Id>
    <FirstName>Fzfn</FirstName>
    <LastName>Rngnan</LastName>
    <Email>Fzfn_Rngnan@gmail.com</Email>
  </Contact>
  <Contact>
    <Id>187</Id>
    <FirstName>Uuxw</FirstName>
    <LastName>Qeweag</LastName>
    <Email>Uuxw_Qeweag@gmail.com</Email>
  </Contact>
  <Contact>
    <Id>188</Id>
    <FirstName>Lcuc</FirstName>
    <LastName>Hkeiwl</LastName>
    <Email>Lcuc_Hkeiwl@gmail.com</Email>
  </Contact>
  <Contact>
    <Id>189</Id>
    <FirstName>Vtkx</FirstName>
    <LastName>Jmtnug</LastName>
    <Email>Vtkx_Jmtnug@gmail.com</Email>
  </Contact>
  <Contact>
    <Id>190</Id>
    <FirstName>Vyhe</FirstName>
    <LastName>Pkscmv</LastName>
    <Email>Vyhe_Pkscmv@gmail.com</Email>
  </Contact>
  <Contact>
    <Id>191</Id>
    <FirstName>Axyi</FirstName>
    <LastName>Dcfcgg</LastName>
    <Email>Axyi_Dcfcgg@gmail.com</Email>
  </Contact>
  <Contact>
    <Id>192</Id>
    <FirstName>Jxro</FirstName>
    <LastName>Sakzme</LastName>
    <Email>Jxro_Sakzme@gmail.com</Email>
  </Contact>
  <Contact>
    <Id>193</Id>
    <FirstName>Ljkt</FirstName>
    <LastName>Knuqmx</LastName>
    <Email>Ljkt_Knuqmx@gmail.com</Email>
  </Contact>
  <Contact>
    <Id>194</Id>
    <FirstName>Sbwb</FirstName>
    <LastName>Kyvctg</LastName>
    <Email>Sbwb_Kyvctg@gmail.com</Email>
  </Contact>
  <Contact>
    <Id>195</Id>
    <FirstName>Hqho</FirstName>
    <LastName>Xyhsmo</LastName>
    <Email>Hqho_Xyhsmo@gmail.com</Email>
  </Contact>
  <Contact>
    <Id>196</Id>
    <FirstName>Asqi</FirstName>
    <LastName>Jqnexq</LastName>
    <Email>Asqi_Jqnexq@gmail.com</Email>
  </Contact>
  <Contact>
    <Id>197</Id>
    <FirstName>Hpqi</FirstName>
    <LastName>Nhbpet</LastName>
    <Email>Hpqi_Nhbpet@gmail.com</Email>
  </Contact>
  <Contact>
    <Id>198</Id>
    <FirstName>Fhgf</FirstName>
    <LastName>Xucvwm</LastName>
    <Email>Fhgf_Xucvwm@gmail.com</Email>
  </Contact>
  <Contact>
    <Id>199</Id>
    <FirstName>Gbdx</FirstName>
    <LastName>Wzlnrt</LastName>
    <Email>Gbdx_Wzlnrt@gmail.com</Email>
  </Contact>
  <Contact>
    <Id>200</Id>
    <FirstName>Lred</FirstName>
    <LastName>Ysayap</LastName>
    <Email>Lred_Ysayap@gmail.com</Email>
  </Contact>
  <Contact>
    <Id>201</Id>
    <FirstName>Wros</FirstName>
    <LastName>Jtlklp</LastName>
    <Email>Wros_Jtlklp@gmail.com</Email>
  </Contact>
  <Contact>
    <Id>202</Id>
    <FirstName>Orhl</FirstName>
    <LastName>Jflsmn</LastName>
    <Email>Orhl_Jflsmn@gmail.com</Email>
  </Contact>
  <Contact>
    <Id>203</Id>
    <FirstName>Wnyk</FirstName>
    <LastName>Iocdge</LastName>
    <Email>Wnyk_Iocdge@gmail.com</Email>
  </Contact>
  <Contact>
    <Id>204</Id>
    <FirstName>Uduh</FirstName>
    <LastName>Ppnlod</LastName>
    <Email>Uduh_Ppnlod@gmail.com</Email>
  </Contact>
  <Contact>
    <Id>205</Id>
    <FirstName>Nacc</FirstName>
    <LastName>Ftjsts</LastName>
    <Email>Nacc_Ftjsts@gmail.com</Email>
  </Contact>
  <Contact>
    <Id>206</Id>
    <FirstName>Hilm</FirstName>
    <LastName>Titeju</LastName>
    <Email>Hilm_Titeju@gmail.com</Email>
  </Contact>
  <Contact>
    <Id>207</Id>
    <FirstName>Qidg</FirstName>
    <LastName>Vlwzwu</LastName>
    <Email>Qidg_Vlwzwu@gmail.com</Email>
  </Contact>
  <Contact>
    <Id>208</Id>
    <FirstName>Szdj</FirstName>
    <LastName>Zvkvfo</LastName>
    <Email>Szdj_Zvkvfo@gmail.com</Email>
  </Contact>
  <Contact>
    <Id>209</Id>
    <FirstName>Ejkn</FirstName>
    <LastName>Xlrhog</LastName>
    <Email>Ejkn_Xlrhog@gmail.com</Email>
  </Contact>
  <Contact>
    <Id>210</Id>
    <FirstName>Vict</FirstName>
    <LastName>Mfxwht</LastName>
    <Email>Vict_Mfxwht@gmail.com</Email>
  </Contact>
  <Contact>
    <Id>212</Id>
    <FirstName>Xxzu</FirstName>
    <LastName>Qgypij</LastName>
    <Email>Xxzu_Qgypij@gmail.com</Email>
  </Contact>
  <Contact>
    <Id>213</Id>
    <FirstName>Tolp</FirstName>
    <LastName>Yjxjxu</LastName>
    <Email>Tolp_Yjxjxu@gmail.com</Email>
  </Contact>
  <Contact>
    <Id>214</Id>
    <FirstName>Xool</FirstName>
    <LastName>Runlnq</LastName>
    <Email>Xool_Runlnq@gmail.com</Email>
  </Contact>
  <Contact>
    <Id>215</Id>
    <FirstName>Gpuq</FirstName>
    <LastName>Jyjhdf</LastName>
    <Email>Gpuq_Jyjhdf@gmail.com</Email>
  </Contact>
  <Contact>
    <Id>218</Id>
    <FirstName>Tmbs</FirstName>
    <LastName>Deuvga</LastName>
    <Email>Tmbs_Deuvga@gmail.com</Email>
  </Contact>
  <Contact>
    <Id>219</Id>
    <FirstName>Apgr</FirstName>
    <LastName>Nqzrkj</LastName>
    <Email>Apgr_Nqzrkj@gmail.com</Email>
  </Contact>
  <Contact>
    <Id>220</Id>
    <FirstName>Wflx</FirstName>
    <LastName>Fljbpz</LastName>
    <Email>Wflx_Fljbpz@gmail.com</Email>
  </Contact>
  <Contact>
    <Id>221</Id>
    <FirstName>Qvei</FirstName>
    <LastName>Lufwuw</LastName>
    <Email>Qvei_Lufwuw@gmail.com</Email>
  </Contact>
  <Contact>
    <Id>222</Id>
    <FirstName>Ocbz</FirstName>
    <LastName>Puoofj</LastName>
    <Email>Ocbz_Puoofj@gmail.com</Email>
  </Contact>
  <Contact>
    <Id>223</Id>
    <FirstName>Jrdt</FirstName>
    <LastName>Ynaemr</LastName>
    <Email>Jrdt_Ynaemr@gmail.com</Email>
  </Contact>
  <Contact>
    <Id>224</Id>
    <FirstName>Usfg</FirstName>
    <LastName>Jelyfs</LastName>
    <Email>Usfg_Jelyfs@gmail.com</Email>
  </Contact>
  <Contact>
    <Id>225</Id>
    <FirstName>Kdwo</FirstName>
    <LastName>Vuelhk</LastName>
    <Email>Kdwo_Vuelhk@gmail.com</Email>
  </Contact>
  <Contact>
    <Id>226</Id>
    <FirstName>Wvvg</FirstName>
    <LastName>Pzsljy</LastName>
    <Email>Wvvg_Pzsljy@gmail.com</Email>
  </Contact>
  <Contact>
    <Id>227</Id>
    <FirstName>Tbjc</FirstName>
    <LastName>Cvwuql</LastName>
    <Email>Tbjc_Cvwuql@gmail.com</Email>
  </Contact>
  <Contact>
    <Id>228</Id>
    <FirstName>Jqin</FirstName>
    <LastName>Yguoxe</LastName>
    <Email>Jqin_Yguoxe@gmail.com</Email>
  </Contact>
  <Contact>
    <Id>229</Id>
    <FirstName>Ipwb</FirstName>
    <LastName>Vywzqk</LastName>
    <Email>Ipwb_Vywzqk@gmail.com</Email>
  </Contact>
  <Contact>
    <Id>230</Id>
    <FirstName>Laph</FirstName>
    <LastName>Zjttma</LastName>
    <Email>Laph_Zjttma@gmail.com</Email>
  </Contact>
  <Contact>
    <Id>231</Id>
    <FirstName>Xkvw</FirstName>
    <LastName>Bfnihi</LastName>
    <Email>Xkvw_Bfnihi@gmail.com</Email>
  </Contact>
  <Contact>
    <Id>232</Id>
    <FirstName>Eene</FirstName>
    <LastName>Peehhe</LastName>
    <Email>Eene_Peehhe@gmail.com</Email>
  </Contact>
  <Contact>
    <Id>233</Id>
    <FirstName>Yxdf</FirstName>
    <LastName>Zjbbnp</LastName>
    <Email>Yxdf_Zjbbnp@gmail.com</Email>
  </Contact>
  <Contact>
    <Id>234</Id>
    <FirstName>Nacx</FirstName>
    <LastName>Hytzap</LastName>
    <Email>Nacx_Hytzap@gmail.com</Email>
  </Contact>
  <Contact>
    <Id>235</Id>
    <FirstName>Kori</FirstName>
    <LastName>Ghmkru</LastName>
    <Email>Kori_Ghmkru@gmail.com</Email>
  </Contact>
  <Contact>
    <Id>236</Id>
    <FirstName>Emmi</FirstName>
    <LastName>Bzgqxs</LastName>
    <Email>Emmi_Bzgqxs@gmail.com</Email>
  </Contact>
  <Contact>
    <Id>237</Id>
    <FirstName>Elur</FirstName>
    <LastName>Vdbqxq</LastName>
    <Email>Elur_Vdbqxq@gmail.com</Email>
  </Contact>
  <Contact>
    <Id>238</Id>
    <FirstName>Lfhs</FirstName>
    <LastName>Tkfvzr</LastName>
    <Email>Lfhs_Tkfvzr@gmail.com</Email>
  </Contact>
  <Contact>
    <Id>239</Id>
    <FirstName>Wqjs</FirstName>
    <LastName>Lbouvh</LastName>
    <Email>Wqjs_Lbouvh@gmail.com</Email>
  </Contact>
  <Contact>
    <Id>240</Id>
    <FirstName>Rcch</FirstName>
    <LastName>Kytamc</LastName>
    <Email>Rcch_Kytamc@gmail.com</Email>
  </Contact>
  <Contact>
    <Id>241</Id>
    <FirstName>Fvnb</FirstName>
    <LastName>Jzetpq</LastName>
    <Email>Fvnb_Jzetpq@gmail.com</Email>
  </Contact>
  <Contact>
    <Id>242</Id>
    <FirstName>Ulrg</FirstName>
    <LastName>Vnccgu</LastName>
    <Email>Ulrg_Vnccgu@gmail.com</Email>
  </Contact>
  <Contact>
    <Id>243</Id>
    <FirstName>Phup</FirstName>
    <LastName>Yidzhu</LastName>
    <Email>Phup_Yidzhu@gmail.com</Email>
  </Contact>
  <Contact>
    <Id>244</Id>
    <FirstName>Rfjw</FirstName>
    <LastName>Lbdiil</LastName>
    <Email>Rfjw_Lbdiil@gmail.com</Email>
  </Contact>
  <Contact>
    <Id>245</Id>
    <FirstName>Wuff</FirstName>
    <LastName>Nglvmx</LastName>
    <Email>Wuff_Nglvmx@gmail.com</Email>
  </Contact>
  <Contact>
    <Id>246</Id>
    <FirstName>Wrtr</FirstName>
    <LastName>Myaycb</LastName>
    <Email>Wrtr_Myaycb@gmail.com</Email>
  </Contact>
  <Contact>
    <Id>247</Id>
    <FirstName>Vflu</FirstName>
    <LastName>Zocuuu</LastName>
    <Email>Vflu_Zocuuu@gmail.com</Email>
  </Contact>
  <Contact>
    <Id>248</Id>
    <FirstName>Jttu</FirstName>
    <LastName>Yucpbs</LastName>
    <Email>Jttu_Yucpbs@gmail.com</Email>
  </Contact>
  <Contact>
    <Id>249</Id>
    <FirstName>Whmk</FirstName>
    <LastName>Xamrkn</LastName>
    <Email>Whmk_Xamrkn@gmail.com</Email>
  </Contact>
  <Contact>
    <Id>250</Id>
    <FirstName>Afgh</FirstName>
    <LastName>Pqikgy</LastName>
    <Email>Afgh_Pqikgy@gmail.com</Email>
  </Contact>
  <Contact>
    <Id>251</Id>
    <FirstName>Eras</FirstName>
    <LastName>Ndyytr</LastName>
    <Email>Eras_Ndyytr@gmail.com</Email>
  </Contact>
  <Contact>
    <Id>252</Id>
    <FirstName>Vlwk</FirstName>
    <LastName>Eosbxy</LastName>
    <Email>Vlwk_Eosbxy@gmail.com</Email>
  </Contact>
  <Contact>
    <Id>253</Id>
    <FirstName>Ckkh</FirstName>
    <LastName>Tenlfh</LastName>
    <Email>Ckkh_Tenlfh@gmail.com</Email>
  </Contact>
  <Contact>
    <Id>254</Id>
    <FirstName>Msjc</FirstName>
    <LastName>Nfguxu</LastName>
    <Email>Msjc_Nfguxu@gmail.com</Email>
  </Contact>
  <Contact>
    <Id>255</Id>
    <FirstName>Cnys</FirstName>
    <LastName>Rpjwcb</LastName>
    <Email>Cnys_Rpjwcb@gmail.com</Email>
  </Contact>
  <Contact>
    <Id>256</Id>
    <FirstName>Xhmh</FirstName>
    <LastName>Wthszj</LastName>
    <Email>Xhmh_Wthszj@gmail.com</Email>
  </Contact>
  <Contact>
    <Id>257</Id>
    <FirstName>Qmtl</FirstName>
    <LastName>Fdbtwz</LastName>
    <Email>Qmtl_Fdbtwz@gmail.com</Email>
  </Contact>
  <Contact>
    <Id>258</Id>
    <FirstName>Hyed</FirstName>
    <LastName>Womrqd</LastName>
    <Email>Hyed_Womrqd@gmail.com</Email>
  </Contact>
  <Contact>
    <Id>259</Id>
    <FirstName>Uqid</FirstName>
    <LastName>Jefcgt</LastName>
    <Email>Uqid_Jefcgt@gmail.com</Email>
  </Contact>
  <Contact>
    <Id>260</Id>
    <FirstName>Yovo</FirstName>
    <LastName>Epummo</LastName>
    <Email>Yovo_Epummo@gmail.com</Email>
  </Contact>
  <Contact>
    <Id>261</Id>
    <FirstName>Nqzd</FirstName>
    <LastName>Tzcjkh</LastName>
    <Email>Nqzd_Tzcjkh@gmail.com</Email>
  </Contact>
  <Contact>
    <Id>262</Id>
    <FirstName>Hpcv</FirstName>
    <LastName>Ozdpba</LastName>
    <Email>Hpcv_Ozdpba@gmail.com</Email>
  </Contact>
  <Contact>
    <Id>264</Id>
    <FirstName>Uzeb</FirstName>
    <LastName>Qerfjk</LastName>
    <Email>Uzeb_Qerfjk@gmail.com</Email>
  </Contact>
  <Contact>
    <Id>265</Id>
    <FirstName>Bwrz</FirstName>
    <LastName>Mjlazf</LastName>
    <Email>Bwrz_Mjlazf@gmail.com</Email>
  </Contact>
  <Contact>
    <Id>266</Id>
    <FirstName>Lflm</FirstName>
    <LastName>Rndwda</LastName>
    <Email>Lflm_Rndwda@gmail.com</Email>
  </Contact>
  <Contact>
    <Id>267</Id>
    <FirstName>Wmkd</FirstName>
    <LastName>Nhkaej</LastName>
    <Email>Wmkd_Nhkaej@gmail.com</Email>
  </Contact>
  <Contact>
    <Id>268</Id>
    <FirstName>Hyfr</FirstName>
    <LastName>Yainqr</LastName>
    <Email>Hyfr_Yainqr@gmail.com</Email>
  </Contact>
  <Contact>
    <Id>269</Id>
    <FirstName>Icqu</FirstName>
    <LastName>Vposkc</LastName>
    <Email>Icqu_Vposkc@gmail.com</Email>
  </Contact>
  <Contact>
    <Id>270</Id>
    <FirstName>Bubj</FirstName>
    <LastName>Npmomf</LastName>
    <Email>Bubj_Npmomf@gmail.com</Email>
  </Contact>
  <Contact>
    <Id>271</Id>
    <FirstName>Ykvq</FirstName>
    <LastName>Xnzunq</LastName>
    <Email>Ykvq_Xnzunq@gmail.com</Email>
  </Contact>
  <Contact>
    <Id>272</Id>
    <FirstName>Fqgm</FirstName>
    <LastName>Suwpiy</LastName>
    <Email>Fqgm_Suwpiy@gmail.com</Email>
  </Contact>
  <Contact>
    <Id>273</Id>
    <FirstName>Tsqc</FirstName>
    <LastName>Inwwdj</LastName>
    <Email>Tsqc_Inwwdj@gmail.com</Email>
  </Contact>
  <Contact>
    <Id>274</Id>
    <FirstName>Ouak</FirstName>
    <LastName>Sxgzwh</LastName>
    <Email>Ouak_Sxgzwh@gmail.com</Email>
  </Contact>
  <Contact>
    <Id>275</Id>
    <FirstName>Ptft</FirstName>
    <LastName>Xknprs</LastName>
    <Email>Ptft_Xknprs@gmail.com</Email>
  </Contact>
  <Contact>
    <Id>276</Id>
    <FirstName>Twfn</FirstName>
    <LastName>Mfutik</LastName>
    <Email>Twfn_Mfutik@gmail.com</Email>
  </Contact>
  <Contact>
    <Id>277</Id>
    <FirstName>Rdqd</FirstName>
    <LastName>Clpvtv</LastName>
    <Email>Rdqd_Clpvtv@gmail.com</Email>
  </Contact>
  <Contact>
    <Id>278</Id>
    <FirstName>Nwsa</FirstName>
    <LastName>Iznwfx</LastName>
    <Email>Nwsa_Iznwfx@gmail.com</Email>
  </Contact>
  <Contact>
    <Id>279</Id>
    <FirstName>Zgfk</FirstName>
    <LastName>Qromym</LastName>
    <Email>Zgfk_Qromym@gmail.com</Email>
  </Contact>
  <Contact>
    <Id>280</Id>
    <FirstName>Dnrm</FirstName>
    <LastName>Qmdbrl</LastName>
    <Email>Dnrm_Qmdbrl@gmail.com</Email>
  </Contact>
  <Contact>
    <Id>281</Id>
    <FirstName>Vswv</FirstName>
    <LastName>Fwdffm</LastName>
    <Email>Vswv_Fwdffm@gmail.com</Email>
  </Contact>
  <Contact>
    <Id>282</Id>
    <FirstName>Sxok</FirstName>
    <LastName>Kkxfmk</LastName>
    <Email>Sxok_Kkxfmk@gmail.com</Email>
  </Contact>
  <Contact>
    <Id>283</Id>
    <FirstName>Wcwg</FirstName>
    <LastName>Raegkw</LastName>
    <Email>Wcwg_Raegkw@gmail.com</Email>
  </Contact>
  <Contact>
    <Id>284</Id>
    <FirstName>Wlet</FirstName>
    <LastName>Chkjft</LastName>
    <Email>Wlet_Chkjft@gmail.com</Email>
  </Contact>
  <Contact>
    <Id>285</Id>
    <FirstName>Oihm</FirstName>
    <LastName>Tfzgbg</LastName>
    <Email>Oihm_Tfzgbg@gmail.com</Email>
  </Contact>
  <Contact>
    <Id>286</Id>
    <FirstName>Oxoh</FirstName>
    <LastName>Osvpde</LastName>
    <Email>Oxoh_Osvpde@gmail.com</Email>
  </Contact>
  <Contact>
    <Id>287</Id>
    <FirstName>Rxvj</FirstName>
    <LastName>Qhsvid</LastName>
    <Email>Rxvj_Qhsvid@gmail.com</Email>
  </Contact>
  <Contact>
    <Id>288</Id>
    <FirstName>Zozt</FirstName>
    <LastName>Woukmm</LastName>
    <Email>Zozt_Woukmm@gmail.com</Email>
  </Contact>
  <Contact>
    <Id>289</Id>
    <FirstName>Ayed</FirstName>
    <LastName>Hzwxej</LastName>
    <Email>Ayed_Hzwxej@gmail.com</Email>
  </Contact>
  <Contact>
    <Id>290</Id>
    <FirstName>Lvfa</FirstName>
    <LastName>Bqnyvm</LastName>
    <Email>Lvfa_Bqnyvm@gmail.com</Email>
  </Contact>
  <Contact>
    <Id>291</Id>
    <FirstName>Mdxx</FirstName>
    <LastName>Gzxvka</LastName>
    <Email>Mdxx_Gzxvka@gmail.com</Email>
  </Contact>
  <Contact>
    <Id>292</Id>
    <FirstName>Xkcr</FirstName>
    <LastName>Dtsrbr</LastName>
    <Email>Xkcr_Dtsrbr@gmail.com</Email>
  </Contact>
  <Contact>
    <Id>293</Id>
    <FirstName>Lvrz</FirstName>
    <LastName>Sejyrf</LastName>
    <Email>Lvrz_Sejyrf@gmail.com</Email>
  </Contact>
  <Contact>
    <Id>295</Id>
    <FirstName>Bamd</FirstName>
    <LastName>Lbsoxi</LastName>
    <Email>Bamd_Lbsoxi@gmail.com</Email>
  </Contact>
  <Contact>
    <Id>298</Id>
    <FirstName>Tltt</FirstName>
    <LastName>Pkinnq</LastName>
    <Email>Tltt_Pkinnq@gmail.com</Email>
  </Contact>
  <Contact>
    <Id>299</Id>
    <FirstName>Mvbi</FirstName>
    <LastName>Hdzjaj</LastName>
    <Email>Mvbi_Hdzjaj@gmail.com</Email>
  </Contact>
  <Contact>
    <Id>300</Id>
    <FirstName>Kbbw</FirstName>
    <LastName>Rdwhck</LastName>
    <Email>Kbbw_Rdwhck@gmail.com</Email>
  </Contact>
  <Contact>
    <Id>301</Id>
    <FirstName>Fqxp</FirstName>
    <LastName>Pmcdpq</LastName>
    <Email>Fqxp_Pmcdpq@gmail.com</Email>
  </Contact>
  <Contact>
    <Id>302</Id>
    <FirstName>Iylo</FirstName>
    <LastName>Puwvyw</LastName>
    <Email>Iylo_Puwvyw@gmail.com</Email>
  </Contact>
  <Contact>
    <Id>303</Id>
    <FirstName>Bmbh</FirstName>
    <LastName>Xrkxbm</LastName>
    <Email>Bmbh_Xrkxbm@gmail.com</Email>
  </Contact>
  <Contact>
    <Id>304</Id>
    <FirstName>Nalc</FirstName>
    <LastName>Lvymtu</LastName>
    <Email>Nalc_Lvymtu@gmail.com</Email>
  </Contact>
  <Contact>
    <Id>306</Id>
    <FirstName>Gajf</FirstName>
    <LastName>Jsopsy</LastName>
    <Email>Gajf_Jsopsy@gmail.com</Email>
  </Contact>
  <Contact>
    <Id>307</Id>
    <FirstName>Cecd</FirstName>
    <LastName>Cinjdt</LastName>
    <Email>Cecd_Cinjdt@gmail.com</Email>
  </Contact>
  <Contact>
    <Id>308</Id>
    <FirstName>Wkcd</FirstName>
    <LastName>Vfrshl</LastName>
    <Email>Wkcd_Vfrshl@gmail.com</Email>
  </Contact>
  <Contact>
    <Id>309</Id>
    <FirstName>Byqe</FirstName>
    <LastName>Fnrftt</LastName>
    <Email>Byqe_Fnrftt@gmail.com</Email>
  </Contact>
  <Contact>
    <Id>310</Id>
    <FirstName>Gitv</FirstName>
    <LastName>Swtrhr</LastName>
    <Email>Gitv_Swtrhr@gmail.com</Email>
  </Contact>
  <Contact>
    <Id>311</Id>
    <FirstName>Xhjn</FirstName>
    <LastName>Zwyfkd</LastName>
    <Email>Xhjn_Zwyfkd@gmail.com</Email>
  </Contact>
  <Contact>
    <Id>312</Id>
    <FirstName>Bwig</FirstName>
    <LastName>Xeoxxp</LastName>
    <Email>Bwig_Xeoxxp@gmail.com</Email>
  </Contact>
  <Contact>
    <Id>313</Id>
    <FirstName>Ripj</FirstName>
    <LastName>Norhlz</LastName>
    <Email>Ripj_Norhlz@gmail.com</Email>
  </Contact>
  <Contact>
    <Id>314</Id>
    <FirstName>Lzkp</FirstName>
    <LastName>Otpdei</LastName>
    <Email>Lzkp_Otpdei@gmail.com</Email>
  </Contact>
  <Contact>
    <Id>315</Id>
    <FirstName>Plup</FirstName>
    <LastName>Rjzmxo</LastName>
    <Email>Plup_Rjzmxo@gmail.com</Email>
  </Contact>
  <Contact>
    <Id>317</Id>
    <FirstName>Fqul</FirstName>
    <LastName>Sbltsd</LastName>
    <Email>Fqul_Sbltsd@gmail.com</Email>
  </Contact>
  <Contact>
    <Id>318</Id>
    <FirstName>Pkso</FirstName>
    <LastName>Zfnard</LastName>
    <Email>Pkso_Zfnard@gmail.com</Email>
  </Contact>
  <Contact>
    <Id>319</Id>
    <FirstName>Ofjx</FirstName>
    <LastName>Qogsoz</LastName>
    <Email>Ofjx_Qogsoz@gmail.com</Email>
  </Contact>
  <Contact>
    <Id>320</Id>
    <FirstName>Cpdt</FirstName>
    <LastName>Dyrjwq</LastName>
    <Email>Cpdt_Dyrjwq@gmail.com</Email>
  </Contact>
  <Contact>
    <Id>321</Id>
    <FirstName>Xgtu</FirstName>
    <LastName>Zyefsu</LastName>
    <Email>Xgtu_Zyefsu@gmail.com</Email>
  </Contact>
  <Contact>
    <Id>322</Id>
    <FirstName>Bqhw</FirstName>
    <LastName>Xzhwud</LastName>
    <Email>Bqhw_Xzhwud@gmail.com</Email>
  </Contact>
  <Contact>
    <Id>324</Id>
    <FirstName>Oedb</FirstName>
    <LastName>Fhloys</LastName>
    <Email>Oedb_Fhloys@gmail.com</Email>
  </Contact>
  <Contact>
    <Id>325</Id>
    <FirstName>Kaat</FirstName>
    <LastName>Xlihwe</LastName>
    <Email>Kaat_Xlihwe@gmail.com</Email>
  </Contact>
  <Contact>
    <Id>326</Id>
    <FirstName>Quot</FirstName>
    <LastName>Vecatz</LastName>
    <Email>Quot_Vecatz@gmail.com</Email>
  </Contact>
  <Contact>
    <Id>327</Id>
    <FirstName>Reuq</FirstName>
    <LastName>Fxngrp</LastName>
    <Email>Reuq_Fxngrp@gmail.com</Email>
  </Contact>
  <Contact>
    <Id>328</Id>
    <FirstName>Osyc</FirstName>
    <LastName>Surkwp</LastName>
    <Email>Osyc_Surkwp@gmail.com</Email>
  </Contact>
  <Contact>
    <Id>329</Id>
    <FirstName>Rzcg</FirstName>
    <LastName>Kuqkfa</LastName>
    <Email>Rzcg_Kuqkfa@gmail.com</Email>
  </Contact>
  <Contact>
    <Id>331</Id>
    <FirstName>Ycqh</FirstName>
    <LastName>Pyvlab</LastName>
    <Email>Ycqh_Pyvlab@gmail.com</Email>
  </Contact>
  <Contact>
    <Id>332</Id>
    <FirstName>Mree</FirstName>
    <LastName>Isbnfl</LastName>
    <Email>Mree_Isbnfl@gmail.com</Email>
  </Contact>
  <Contact>
    <Id>333</Id>
    <FirstName>Gdaq</FirstName>
    <LastName>Jcxabn</LastName>
    <Email>Gdaq_Jcxabn@gmail.com</Email>
  </Contact>
  <Contact>
    <Id>334</Id>
    <FirstName>Nhwv</FirstName>
    <LastName>Roivqm</LastName>
    <Email>Nhwv_Roivqm@gmail.com</Email>
  </Contact>
  <Contact>
    <Id>335</Id>
    <FirstName>Zeje</FirstName>
    <LastName>Nohqpi</LastName>
    <Email>Zeje_Nohqpi@gmail.com</Email>
  </Contact>
  <Contact>
    <Id>336</Id>
    <FirstName>Dsec</FirstName>
    <LastName>Tvbzxm</LastName>
    <Email>Dsec_Tvbzxm@gmail.com</Email>
  </Contact>
  <Contact>
    <Id>337</Id>
    <FirstName>Aukn</FirstName>
    <LastName>Nfuint</LastName>
    <Email>Aukn_Nfuint@gmail.com</Email>
  </Contact>
  <Contact>
    <Id>338</Id>
    <FirstName>Jgwt</FirstName>
    <LastName>Lctwcu</LastName>
    <Email>Jgwt_Lctwcu@gmail.com</Email>
  </Contact>
  <Contact>
    <Id>339</Id>
    <FirstName>Vhlt</FirstName>
    <LastName>Jvcucv</LastName>
    <Email>Vhlt_Jvcucv@gmail.com</Email>
  </Contact>
  <Contact>
    <Id>340</Id>
    <FirstName>Njyd</FirstName>
    <LastName>Meuwqi</LastName>
    <Email>Njyd_Meuwqi@gmail.com</Email>
  </Contact>
  <Contact>
    <Id>341</Id>
    <FirstName>Uzcv</FirstName>
    <LastName>Yxvlqr</LastName>
    <Email>Uzcv_Yxvlqr@gmail.com</Email>
  </Contact>
  <Contact>
    <Id>342</Id>
    <FirstName>Bexc</FirstName>
    <LastName>Rsjqdr</LastName>
    <Email>Bexc_Rsjqdr@gmail.com</Email>
  </Contact>
  <Contact>
    <Id>343</Id>
    <FirstName>Cafr</FirstName>
    <LastName>Gahsgh</LastName>
    <Email>Cafr_Gahsgh@gmail.com</Email>
  </Contact>
  <Contact>
    <Id>345</Id>
    <FirstName>Zqdl</FirstName>
    <LastName>Timvmt</LastName>
    <Email>Zqdl_Timvmt@gmail.com</Email>
  </Contact>
  <Contact>
    <Id>346</Id>
    <FirstName>Udtz</FirstName>
    <LastName>Futlpx</LastName>
    <Email>Udtz_Futlpx@gmail.com</Email>
  </Contact>
  <Contact>
    <Id>347</Id>
    <FirstName>Qcej</FirstName>
    <LastName>Jfzccv</LastName>
    <Email>Qcej_Jfzccv@gmail.com</Email>
  </Contact>
  <Contact>
    <Id>348</Id>
    <FirstName>Ouvr</FirstName>
    <LastName>Slwuxx</LastName>
    <Email>Ouvr_Slwuxx@gmail.com</Email>
  </Contact>
  <Contact>
    <Id>349</Id>
    <FirstName>Olgn</FirstName>
    <LastName>Nddgog</LastName>
    <Email>Olgn_Nddgog@gmail.com</Email>
  </Contact>
  <Contact>
    <Id>350</Id>
    <FirstName>Ctax</FirstName>
    <LastName>Vxmubo</LastName>
    <Email>Ctax_Vxmubo@gmail.com</Email>
  </Contact>
  <Contact>
    <Id>351</Id>
    <FirstName>Jjtr</FirstName>
    <LastName>Faibgt</LastName>
    <Email>Jjtr_Faibgt@gmail.com</Email>
  </Contact>
  <Contact>
    <Id>352</Id>
    <FirstName>Xznr</FirstName>
    <LastName>Jewrwg</LastName>
    <Email>Xznr_Jewrwg@gmail.com</Email>
  </Contact>
  <Contact>
    <Id>353</Id>
    <FirstName>Btnv</FirstName>
    <LastName>Svtyvv</LastName>
    <Email>Btnv_Svtyvv@gmail.com</Email>
  </Contact>
  <Contact>
    <Id>354</Id>
    <FirstName>Zcsi</FirstName>
    <LastName>Ofspim</LastName>
    <Email>Zcsi_Ofspim@gmail.com</Email>
  </Contact>
  <Contact>
    <Id>355</Id>
    <FirstName>Vczv</FirstName>
    <LastName>Jdfior</LastName>
    <Email>Vczv_Jdfior@gmail.com</Email>
  </Contact>
  <Contact>
    <Id>356</Id>
    <FirstName>Auxv</FirstName>
    <LastName>Nqvxyj</LastName>
    <Email>Auxv_Nqvxyj@gmail.com</Email>
  </Contact>
  <Contact>
    <Id>357</Id>
    <FirstName>Gkfl</FirstName>
    <LastName>Uugedd</LastName>
    <Email>Gkfl_Uugedd@gmail.com</Email>
  </Contact>
  <Contact>
    <Id>358</Id>
    <FirstName>Lhij</FirstName>
    <LastName>Kztsmp</LastName>
    <Email>Lhij_Kztsmp@gmail.com</Email>
  </Contact>
  <Contact>
    <Id>359</Id>
    <FirstName>Pljd</FirstName>
    <LastName>Ueexvy</LastName>
    <Email>Pljd_Ueexvy@gmail.com</Email>
  </Contact>
  <Contact>
    <Id>360</Id>
    <FirstName>Kuqy</FirstName>
    <LastName>Glwnao</LastName>
    <Email>Kuqy_Glwnao@gmail.com</Email>
  </Contact>
  <Contact>
    <Id>361</Id>
    <FirstName>Wafk</FirstName>
    <LastName>Gtlokn</LastName>
    <Email>Wafk_Gtlokn@gmail.com</Email>
  </Contact>
  <Contact>
    <Id>362</Id>
    <FirstName>Wclj</FirstName>
    <LastName>Uvabrp</LastName>
    <Email>Wclj_Uvabrp@gmail.com</Email>
  </Contact>
  <Contact>
    <Id>363</Id>
    <FirstName>Pjjf</FirstName>
    <LastName>Tqrkcz</LastName>
    <Email>Pjjf_Tqrkcz@gmail.com</Email>
  </Contact>
  <Contact>
    <Id>364</Id>
    <FirstName>Cfrx</FirstName>
    <LastName>Spgyxa</LastName>
    <Email>Cfrx_Spgyxa@gmail.com</Email>
  </Contact>
  <Contact>
    <Id>365</Id>
    <FirstName>Sqmi</FirstName>
    <LastName>Bhjgel</LastName>
    <Email>Sqmi_Bhjgel@gmail.com</Email>
  </Contact>
  <Contact>
    <Id>366</Id>
    <FirstName>Kuwl</FirstName>
    <LastName>Znrzrp</LastName>
    <Email>Kuwl_Znrzrp@gmail.com</Email>
  </Contact>
  <Contact>
    <Id>367</Id>
    <FirstName>Cbll</FirstName>
    <LastName>Kqknre</LastName>
    <Email>Cbll_Kqknre@gmail.com</Email>
  </Contact>
  <Contact>
    <Id>368</Id>
    <FirstName>Pbeq</FirstName>
    <LastName>Wzwael</LastName>
    <Email>Pbeq_Wzwael@gmail.com</Email>
  </Contact>
  <Contact>
    <Id>369</Id>
    <FirstName>Hkgr</FirstName>
    <LastName>Pijgyf</LastName>
    <Email>Hkgr_Pijgyf@gmail.com</Email>
  </Contact>
  <Contact>
    <Id>370</Id>
    <FirstName>Xghi</FirstName>
    <LastName>Yreaxk</LastName>
    <Email>Xghi_Yreaxk@gmail.com</Email>
  </Contact>
  <Contact>
    <Id>371</Id>
    <FirstName>Xwpz</FirstName>
    <LastName>Wiqfoz</LastName>
    <Email>Xwpz_Wiqfoz@gmail.com</Email>
  </Contact>
  <Contact>
    <Id>372</Id>
    <FirstName>Qqvf</FirstName>
    <LastName>Isvtwc</LastName>
    <Email>Qqvf_Isvtwc@gmail.com</Email>
  </Contact>
  <Contact>
    <Id>373</Id>
    <FirstName>Geol</FirstName>
    <LastName>Giuvsf</LastName>
    <Email>Geol_Giuvsf@gmail.com</Email>
  </Contact>
  <Contact>
    <Id>374</Id>
    <FirstName>Uvdt</FirstName>
    <LastName>Okugvg</LastName>
    <Email>Uvdt_Okugvg@gmail.com</Email>
  </Contact>
  <Contact>
    <Id>375</Id>
    <FirstName>Rery</FirstName>
    <LastName>Ohkcaf</LastName>
    <Email>Rery_Ohkcaf@gmail.com</Email>
  </Contact>
  <Contact>
    <Id>376</Id>
    <FirstName>Vkev</FirstName>
    <LastName>Dthdsn</LastName>
    <Email>Vkev_Dthdsn@gmail.com</Email>
  </Contact>
  <Contact>
    <Id>377</Id>
    <FirstName>Oumj</FirstName>
    <LastName>Funcqx</LastName>
    <Email>Oumj_Funcqx@gmail.com</Email>
  </Contact>
  <Contact>
    <Id>378</Id>
    <FirstName>Xpyp</FirstName>
    <LastName>Kcmqxz</LastName>
    <Email>Xpyp_Kcmqxz@gmail.com</Email>
  </Contact>
  <Contact>
    <Id>379</Id>
    <FirstName>Xsvm</FirstName>
    <LastName>Kkrhpv</LastName>
    <Email>Xsvm_Kkrhpv@gmail.com</Email>
  </Contact>
  <Contact>
    <Id>380</Id>
    <FirstName>Drni</FirstName>
    <LastName>Swsitt</LastName>
    <Email>Drni_Swsitt@gmail.com</Email>
  </Contact>
  <Contact>
    <Id>381</Id>
    <FirstName>Tilc</FirstName>
    <LastName>Igmokb</LastName>
    <Email>Tilc_Igmokb@gmail.com</Email>
  </Contact>
  <Contact>
    <Id>382</Id>
    <FirstName>Grft</FirstName>
    <LastName>Pwzzzu</LastName>
    <Email>Grft_Pwzzzu@gmail.com</Email>
  </Contact>
  <Contact>
    <Id>383</Id>
    <FirstName>Dfmv</FirstName>
    <LastName>Ufbqxo</LastName>
    <Email>Dfmv_Ufbqxo@gmail.com</Email>
  </Contact>
  <Contact>
    <Id>384</Id>
    <FirstName>Kewe</FirstName>
    <LastName>Fogted</LastName>
    <Email>Kewe_Fogted@gmail.com</Email>
  </Contact>
  <Contact>
    <Id>385</Id>
    <FirstName>Ycxo</FirstName>
    <LastName>Ollusw</LastName>
    <Email>Ycxo_Ollusw@gmail.com</Email>
  </Contact>
  <Contact>
    <Id>386</Id>
    <FirstName>Xsjy</FirstName>
    <LastName>Pnwpic</LastName>
    <Email>Xsjy_Pnwpic@gmail.com</Email>
  </Contact>
  <Contact>
    <Id>387</Id>
    <FirstName>Ewrw</FirstName>
    <LastName>Qcubnb</LastName>
    <Email>Ewrw_Qcubnb@gmail.com</Email>
  </Contact>
  <Contact>
    <Id>388</Id>
    <FirstName>Pgvv</FirstName>
    <LastName>Wbixhi</LastName>
    <Email>Pgvv_Wbixhi@gmail.com</Email>
  </Contact>
  <Contact>
    <Id>389</Id>
    <FirstName>Uhxb</FirstName>
    <LastName>Qrvyor</LastName>
    <Email>Uhxb_Qrvyor@gmail.com</Email>
  </Contact>
  <Contact>
    <Id>390</Id>
    <FirstName>Rqkb</FirstName>
    <LastName>Zblaxm</LastName>
    <Email>Rqkb_Zblaxm@gmail.com</Email>
  </Contact>
  <Contact>
    <Id>391</Id>
    <FirstName>Rjgq</FirstName>
    <LastName>Grxnco</LastName>
    <Email>Rjgq_Grxnco@gmail.com</Email>
  </Contact>
  <Contact>
    <Id>392</Id>
    <FirstName>Fzia</FirstName>
    <LastName>Ixyqgz</LastName>
    <Email>Fzia_Ixyqgz@gmail.com</Email>
  </Contact>
  <Contact>
    <Id>393</Id>
    <FirstName>Hwnv</FirstName>
    <LastName>Jzvtwu</LastName>
    <Email>Hwnv_Jzvtwu@gmail.com</Email>
  </Contact>
  <Contact>
    <Id>394</Id>
    <FirstName>Qizu</FirstName>
    <LastName>Rlahuy</LastName>
    <Email>Qizu_Rlahuy@gmail.com</Email>
  </Contact>
  <Contact>
    <Id>395</Id>
    <FirstName>Uhvz</FirstName>
    <LastName>Mshktb</LastName>
    <Email>Uhvz_Mshktb@gmail.com</Email>
  </Contact>
  <Contact>
    <Id>396</Id>
    <FirstName>Duuy</FirstName>
    <LastName>Euvlhh</LastName>
    <Email>Duuy_Euvlhh@gmail.com</Email>
  </Contact>
  <Contact>
    <Id>397</Id>
    <FirstName>Weqh</FirstName>
    <LastName>Ywzoix</LastName>
    <Email>Weqh_Ywzoix@gmail.com</Email>
  </Contact>
  <Contact>
    <Id>398</Id>
    <FirstName>Wrwh</FirstName>
    <LastName>Fzaoiq</LastName>
    <Email>Wrwh_Fzaoiq@gmail.com</Email>
  </Contact>
  <Contact>
    <Id>399</Id>
    <FirstName>Rlzu</FirstName>
    <LastName>Qvobpw</LastName>
    <Email>Rlzu_Qvobpw@gmail.com</Email>
  </Contact>
  <Contact>
    <Id>400</Id>
    <FirstName>Ppzm</FirstName>
    <LastName>Cqqoaq</LastName>
    <Email>Ppzm_Cqqoaq@gmail.com</Email>
  </Contact>
  <Contact>
    <Id>401</Id>
    <FirstName>Ttbw</FirstName>
    <LastName>Fmymtf</LastName>
    <Email>Ttbw_Fmymtf@gmail.com</Email>
  </Contact>
  <Contact>
    <Id>402</Id>
    <FirstName>Thcq</FirstName>
    <LastName>Qlewqd</LastName>
    <Email>Thcq_Qlewqd@gmail.com</Email>
  </Contact>
  <Contact>
    <Id>403</Id>
    <FirstName>Ixym</FirstName>
    <LastName>Hgrjfp</LastName>
    <Email>Ixym_Hgrjfp@gmail.com</Email>
  </Contact>
  <Contact>
    <Id>404</Id>
    <FirstName>Imns</FirstName>
    <LastName>Xxjdoe</LastName>
    <Email>Imns_Xxjdoe@gmail.com</Email>
  </Contact>
  <Contact>
    <Id>405</Id>
    <FirstName>Wbik</FirstName>
    <LastName>Chniwr</LastName>
    <Email>Wbik_Chniwr@gmail.com</Email>
  </Contact>
  <Contact>
    <Id>406</Id>
    <FirstName>Luxx</FirstName>
    <LastName>Hvvpoz</LastName>
    <Email>Luxx_Hvvpoz@gmail.com</Email>
  </Contact>
  <Contact>
    <Id>407</Id>
    <FirstName>Uphe</FirstName>
    <LastName>Xhujts</LastName>
    <Email>Uphe_Xhujts@gmail.com</Email>
  </Contact>
  <Contact>
    <Id>408</Id>
    <FirstName>Bahm</FirstName>
    <LastName>Ghpnja</LastName>
    <Email>Bahm_Ghpnja@gmail.com</Email>
  </Contact>
  <Contact>
    <Id>409</Id>
    <FirstName>Simn</FirstName>
    <LastName>Dooplb</LastName>
    <Email>Simn_Dooplb@gmail.com</Email>
  </Contact>
  <Contact>
    <Id>410</Id>
    <FirstName>Ctop</FirstName>
    <LastName>Jhtenv</LastName>
    <Email>Ctop_Jhtenv@gmail.com</Email>
  </Contact>
  <Contact>
    <Id>411</Id>
    <FirstName>Mdpd</FirstName>
    <LastName>Plmlqa</LastName>
    <Email>Mdpd_Plmlqa@gmail.com</Email>
  </Contact>
  <Contact>
    <Id>412</Id>
    <FirstName>Ghgo</FirstName>
    <LastName>Glctbi</LastName>
    <Email>Ghgo_Glctbi@gmail.com</Email>
  </Contact>
  <Contact>
    <Id>413</Id>
    <FirstName>Seyr</FirstName>
    <LastName>Qimscz</LastName>
    <Email>Seyr_Qimscz@gmail.com</Email>
  </Contact>
  <Contact>
    <Id>414</Id>
    <FirstName>Nlao</FirstName>
    <LastName>Nptjyr</LastName>
    <Email>Nlao_Nptjyr@gmail.com</Email>
  </Contact>
  <Contact>
    <Id>415</Id>
    <FirstName>Bdzl</FirstName>
    <LastName>Vunaix</LastName>
    <Email>Bdzl_Vunaix@gmail.com</Email>
  </Contact>
  <Contact>
    <Id>416</Id>
    <FirstName>Face</FirstName>
    <LastName>Cifxnh</LastName>
    <Email>Face_Cifxnh@gmail.com</Email>
  </Contact>
  <Contact>
    <Id>417</Id>
    <FirstName>Ztjr</FirstName>
    <LastName>Muhrar</LastName>
    <Email>Ztjr_Muhrar@gmail.com</Email>
  </Contact>
  <Contact>
    <Id>418</Id>
    <FirstName>Stuj</FirstName>
    <LastName>Hpfnwv</LastName>
    <Email>Stuj_Hpfnwv@gmail.com</Email>
  </Contact>
  <Contact>
    <Id>419</Id>
    <FirstName>Ulke</FirstName>
    <LastName>Uniwmf</LastName>
    <Email>Ulke_Uniwmf@gmail.com</Email>
  </Contact>
  <Contact>
    <Id>420</Id>
    <FirstName>Kwvr</FirstName>
    <LastName>Siuiya</LastName>
    <Email>Kwvr_Siuiya@gmail.com</Email>
  </Contact>
  <Contact>
    <Id>421</Id>
    <FirstName>Nvaq</FirstName>
    <LastName>Flftxm</LastName>
    <Email>Nvaq_Flftxm@gmail.com</Email>
  </Contact>
  <Contact>
    <Id>422</Id>
    <FirstName>Crar</FirstName>
    <LastName>Mnjewz</LastName>
    <Email>Crar_Mnjewz@gmail.com</Email>
  </Contact>
  <Contact>
    <Id>423</Id>
    <FirstName>Mkfu</FirstName>
    <LastName>Hvxdqy</LastName>
    <Email>Mkfu_Hvxdqy@gmail.com</Email>
  </Contact>
  <Contact>
    <Id>424</Id>
    <FirstName>Vxpv</FirstName>
    <LastName>Iykuyi</LastName>
    <Email>Vxpv_Iykuyi@gmail.com</Email>
  </Contact>
  <Contact>
    <Id>425</Id>
    <FirstName>Hpyz</FirstName>
    <LastName>Dsvdee</LastName>
    <Email>Hpyz_Dsvdee@gmail.com</Email>
  </Contact>
  <Contact>
    <Id>426</Id>
    <FirstName>Yplz</FirstName>
    <LastName>Ocqgik</LastName>
    <Email>Yplz_Ocqgik@gmail.com</Email>
  </Contact>
  <Contact>
    <Id>427</Id>
    <FirstName>Obcy</FirstName>
    <LastName>Rfcejo</LastName>
    <Email>Obcy_Rfcejo@gmail.com</Email>
  </Contact>
  <Contact>
    <Id>428</Id>
    <FirstName>Dpfo</FirstName>
    <LastName>Rxmgrp</LastName>
    <Email>Dpfo_Rxmgrp@gmail.com</Email>
  </Contact>
  <Contact>
    <Id>430</Id>
    <FirstName>Ielo</FirstName>
    <LastName>Ugmahx</LastName>
    <Email>Ielo_Ugmahx@gmail.com</Email>
  </Contact>
  <Contact>
    <Id>431</Id>
    <FirstName>Qquq</FirstName>
    <LastName>Bjjwhr</LastName>
    <Email>Qquq_Bjjwhr@gmail.com</Email>
  </Contact>
  <Contact>
    <Id>432</Id>
    <FirstName>Qkot</FirstName>
    <LastName>Ktcqym</LastName>
    <Email>Qkot_Ktcqym@gmail.com</Email>
  </Contact>
  <Contact>
    <Id>433</Id>
    <FirstName>Tlxd</FirstName>
    <LastName>Fydrul</LastName>
    <Email>Tlxd_Fydrul@gmail.com</Email>
  </Contact>
  <Contact>
    <Id>434</Id>
    <FirstName>Klyt</FirstName>
    <LastName>Yizikq</LastName>
    <Email>Klyt_Yizikq@gmail.com</Email>
  </Contact>
  <Contact>
    <Id>435</Id>
    <FirstName>Vpip</FirstName>
    <LastName>Pxprea</LastName>
    <Email>Vpip_Pxprea@gmail.com</Email>
  </Contact>
  <Contact>
    <Id>436</Id>
    <FirstName>Dvcv</FirstName>
    <LastName>Detrkd</LastName>
    <Email>Dvcv_Detrkd@gmail.com</Email>
  </Contact>
  <Contact>
    <Id>437</Id>
    <FirstName>Fscw</FirstName>
    <LastName>Gemvvb</LastName>
    <Email>Fscw_Gemvvb@gmail.com</Email>
  </Contact>
  <Contact>
    <Id>438</Id>
    <FirstName>Utgh</FirstName>
    <LastName>Qedhni</LastName>
    <Email>Utgh_Qedhni@gmail.com</Email>
  </Contact>
  <Contact>
    <Id>439</Id>
    <FirstName>Imnt</FirstName>
    <LastName>Hpjcpt</LastName>
    <Email>Imnt_Hpjcpt@gmail.com</Email>
  </Contact>
  <Contact>
    <Id>440</Id>
    <FirstName>Piyg</FirstName>
    <LastName>Kdnmjk</LastName>
    <Email>Piyg_Kdnmjk@gmail.com</Email>
  </Contact>
  <Contact>
    <Id>441</Id>
    <FirstName>Luwd</FirstName>
    <LastName>Fjoufz</LastName>
    <Email>Luwd_Fjoufz@gmail.com</Email>
  </Contact>
  <Contact>
    <Id>442</Id>
    <FirstName>Bldc</FirstName>
    <LastName>Uteior</LastName>
    <Email>Bldc_Uteior@gmail.com</Email>
  </Contact>
  <Contact>
    <Id>443</Id>
    <FirstName>Vkfb</FirstName>
    <LastName>Lmvzwm</LastName>
    <Email>Vkfb_Lmvzwm@gmail.com</Email>
  </Contact>
  <Contact>
    <Id>444</Id>
    <FirstName>Rqyc</FirstName>
    <LastName>Wopkny</LastName>
    <Email>Rqyc_Wopkny@gmail.com</Email>
  </Contact>
  <Contact>
    <Id>445</Id>
    <FirstName>Aowq</FirstName>
    <LastName>Sdewmr</LastName>
    <Email>Aowq_Sdewmr@gmail.com</Email>
  </Contact>
  <Contact>
    <Id>446</Id>
    <FirstName>Yeys</FirstName>
    <LastName>Obpvrt</LastName>
    <Email>Yeys_Obpvrt@gmail.com</Email>
  </Contact>
  <Contact>
    <Id>447</Id>
    <FirstName>Noxs</FirstName>
    <LastName>Iknbfg</LastName>
    <Email>Noxs_Iknbfg@gmail.com</Email>
  </Contact>
  <Contact>
    <Id>448</Id>
    <FirstName>Euup</FirstName>
    <LastName>Qhnojh</LastName>
    <Email>Euup_Qhnojh@gmail.com</Email>
  </Contact>
  <Contact>
    <Id>449</Id>
    <FirstName>Hznf</FirstName>
    <LastName>Omsgnv</LastName>
    <Email>Hznf_Omsgnv@gmail.com</Email>
  </Contact>
  <Contact>
    <Id>450</Id>
    <FirstName>Zusu</FirstName>
    <LastName>Kmqdhi</LastName>
    <Email>Zusu_Kmqdhi@gmail.com</Email>
  </Contact>
  <Contact>
    <Id>451</Id>
    <FirstName>Qdqg</FirstName>
    <LastName>Mdjich</LastName>
    <Email>Qdqg_Mdjich@gmail.com</Email>
  </Contact>
  <Contact>
    <Id>452</Id>
    <FirstName>Namj</FirstName>
    <LastName>Mobrew</LastName>
    <Email>Namj_Mobrew@gmail.com</Email>
  </Contact>
  <Contact>
    <Id>453</Id>
    <FirstName>Rhnk</FirstName>
    <LastName>Gjcafd</LastName>
    <Email>Rhnk_Gjcafd@gmail.com</Email>
  </Contact>
  <Contact>
    <Id>454</Id>
    <FirstName>Qjhb</FirstName>
    <LastName>Qejhtk</LastName>
    <Email>Qjhb_Qejhtk@gmail.com</Email>
  </Contact>
  <Contact>
    <Id>455</Id>
    <FirstName>Ckdg</FirstName>
    <LastName>Hyiihw</LastName>
    <Email>Ckdg_Hyiihw@gmail.com</Email>
  </Contact>
  <Contact>
    <Id>456</Id>
    <FirstName>Kyzl</FirstName>
    <LastName>Qjpgzd</LastName>
    <Email>Kyzl_Qjpgzd@gmail.com</Email>
  </Contact>
  <Contact>
    <Id>457</Id>
    <FirstName>Bjdy</FirstName>
    <LastName>Qdtlth</LastName>
    <Email>Bjdy_Qdtlth@gmail.com</Email>
  </Contact>
  <Contact>
    <Id>458</Id>
    <FirstName>Fuyu</FirstName>
    <LastName>Tgdhci</LastName>
    <Email>Fuyu_Tgdhci@gmail.com</Email>
  </Contact>
  <Contact>
    <Id>459</Id>
    <FirstName>Btsi</FirstName>
    <LastName>Trkwkh</LastName>
    <Email>Btsi_Trkwkh@gmail.com</Email>
  </Contact>
  <Contact>
    <Id>460</Id>
    <FirstName>Ochp</FirstName>
    <LastName>Ithfpd</LastName>
    <Email>Ochp_Ithfpd@gmail.com</Email>
  </Contact>
  <Contact>
    <Id>461</Id>
    <FirstName>Fxpa</FirstName>
    <LastName>Rqaerj</LastName>
    <Email>Fxpa_Rqaerj@gmail.com</Email>
  </Contact>
  <Contact>
    <Id>462</Id>
    <FirstName>Gidr</FirstName>
    <LastName>Biqufz</LastName>
    <Email>Gidr_Biqufz@gmail.com</Email>
  </Contact>
  <Contact>
    <Id>463</Id>
    <FirstName>Sxam</FirstName>
    <LastName>Tcmila</LastName>
    <Email>Sxam_Tcmila@gmail.com</Email>
  </Contact>
  <Contact>
    <Id>464</Id>
    <FirstName>Zxsy</FirstName>
    <LastName>Cddsrc</LastName>
    <Email>Zxsy_Cddsrc@gmail.com</Email>
  </Contact>
  <Contact>
    <Id>466</Id>
    <FirstName>Dmap</FirstName>
    <LastName>Liwdgp</LastName>
    <Email>Dmap_Liwdgp@gmail.com</Email>
  </Contact>
  <Contact>
    <Id>467</Id>
    <FirstName>Drtr</FirstName>
    <LastName>Jjqeoy</LastName>
    <Email>Drtr_Jjqeoy@gmail.com</Email>
  </Contact>
  <Contact>
    <Id>468</Id>
    <FirstName>Fxdc</FirstName>
    <LastName>Hmszln</LastName>
    <Email>Fxdc_Hmszln@gmail.com</Email>
  </Contact>
  <Contact>
    <Id>469</Id>
    <FirstName>Cwvl</FirstName>
    <LastName>Xnwcnu</LastName>
    <Email>Cwvl_Xnwcnu@gmail.com</Email>
  </Contact>
  <Contact>
    <Id>470</Id>
    <FirstName>Hzlb</FirstName>
    <LastName>Zammqq</LastName>
    <Email>Hzlb_Zammqq@gmail.com</Email>
  </Contact>
  <Contact>
    <Id>471</Id>
    <FirstName>Pucp</FirstName>
    <LastName>Vfixiy</LastName>
    <Email>Pucp_Vfixiy@gmail.com</Email>
  </Contact>
  <Contact>
    <Id>472</Id>
    <FirstName>Pwst</FirstName>
    <LastName>Mhwiuw</LastName>
    <Email>Pwst_Mhwiuw@gmail.com</Email>
  </Contact>
  <Contact>
    <Id>473</Id>
    <FirstName>Moqt</FirstName>
    <LastName>Qflbdh</LastName>
    <Email>Moqt_Qflbdh@gmail.com</Email>
  </Contact>
  <Contact>
    <Id>474</Id>
    <FirstName>Afju</FirstName>
    <LastName>Yhufqr</LastName>
    <Email>Afju_Yhufqr@gmail.com</Email>
  </Contact>
  <Contact>
    <Id>475</Id>
    <FirstName>Eytp</FirstName>
    <LastName>Ekhspr</LastName>
    <Email>Eytp_Ekhspr@gmail.com</Email>
  </Contact>
  <Contact>
    <Id>476</Id>
    <FirstName>Eest</FirstName>
    <LastName>Ebdiyp</LastName>
    <Email>Eest_Ebdiyp@gmail.com</Email>
  </Contact>
  <Contact>
    <Id>477</Id>
    <FirstName>Thub</FirstName>
    <LastName>Xknxvf</LastName>
    <Email>Thub_Xknxvf@gmail.com</Email>
  </Contact>
  <Contact>
    <Id>478</Id>
    <FirstName>Mqsc</FirstName>
    <LastName>Snubpg</LastName>
    <Email>Mqsc_Snubpg@gmail.com</Email>
  </Contact>
  <Contact>
    <Id>479</Id>
    <FirstName>Xtml</FirstName>
    <LastName>Cwnpqw</LastName>
    <Email>Xtml_Cwnpqw@gmail.com</Email>
  </Contact>
  <Contact>
    <Id>480</Id>
    <FirstName>Dmga</FirstName>
    <LastName>Ywessu</LastName>
    <Email>Dmga_Ywessu@gmail.com</Email>
  </Contact>
  <Contact>
    <Id>481</Id>
    <FirstName>Wkxk</FirstName>
    <LastName>Enmpbq</LastName>
    <Email>Wkxk_Enmpbq@gmail.com</Email>
  </Contact>
  <Contact>
    <Id>482</Id>
    <FirstName>Hcss</FirstName>
    <LastName>Sauiyb</LastName>
    <Email>Hcss_Sauiyb@gmail.com</Email>
  </Contact>
  <Contact>
    <Id>483</Id>
    <FirstName>Wygy</FirstName>
    <LastName>Bakrev</LastName>
    <Email>Wygy_Bakrev@gmail.com</Email>
  </Contact>
  <Contact>
    <Id>484</Id>
    <FirstName>Jbjv</FirstName>
    <LastName>Jnwcgo</LastName>
    <Email>Jbjv_Jnwcgo@gmail.com</Email>
  </Contact>
  <Contact>
    <Id>485</Id>
    <FirstName>Jxna</FirstName>
    <LastName>Patniy</LastName>
    <Email>Jxna_Patniy@gmail.com</Email>
  </Contact>
  <Contact>
    <Id>486</Id>
    <FirstName>Cvtq</FirstName>
    <LastName>Xxdyie</LastName>
    <Email>Cvtq_Xxdyie@gmail.com</Email>
  </Contact>
  <Contact>
    <Id>487</Id>
    <FirstName>Dulf</FirstName>
    <LastName>Hftxie</LastName>
    <Email>Dulf_Hftxie@gmail.com</Email>
  </Contact>
  <Contact>
    <Id>488</Id>
    <FirstName>Dsbj</FirstName>
    <LastName>Rzkgja</LastName>
    <Email>Dsbj_Rzkgja@gmail.com</Email>
  </Contact>
  <Contact>
    <Id>489</Id>
    <FirstName>Gwjg</FirstName>
    <LastName>Tnhsxm</LastName>
    <Email>Gwjg_Tnhsxm@gmail.com</Email>
  </Contact>
  <Contact>
    <Id>490</Id>
    <FirstName>Jxtc</FirstName>
    <LastName>Lplisk</LastName>
    <Email>Jxtc_Lplisk@gmail.com</Email>
  </Contact>
  <Contact>
    <Id>491</Id>
    <FirstName>Hwfd</FirstName>
    <LastName>Ujtkyx</LastName>
    <Email>Hwfd_Ujtkyx@gmail.com</Email>
  </Contact>
  <Contact>
    <Id>492</Id>
    <FirstName>Mxpi</FirstName>
    <LastName>Xhkflt</LastName>
    <Email>Mxpi_Xhkflt@gmail.com</Email>
  </Contact>
  <Contact>
    <Id>493</Id>
    <FirstName>Xbaw</FirstName>
    <LastName>Vfzzyc</LastName>
    <Email>Xbaw_Vfzzyc@gmail.com</Email>
  </Contact>
  <Contact>
    <Id>494</Id>
    <FirstName>Ncny</FirstName>
    <LastName>Skrglk</LastName>
    <Email>Ncny_Skrglk@gmail.com</Email>
  </Contact>
  <Contact>
    <Id>495</Id>
    <FirstName>Txtz</FirstName>
    <LastName>Zmikee</LastName>
    <Email>Txtz_Zmikee@gmail.com</Email>
  </Contact>
  <Contact>
    <Id>496</Id>
    <FirstName>Egwz</FirstName>
    <LastName>Mfviio</LastName>
    <Email>Egwz_Mfviio@gmail.com</Email>
  </Contact>
  <Contact>
    <Id>497</Id>
    <FirstName>Kulw</FirstName>
    <LastName>Kkjqpm</LastName>
    <Email>Kulw_Kkjqpm@gmail.com</Email>
  </Contact>
  <Contact>
    <Id>499</Id>
    <FirstName>Xouu</FirstName>
    <LastName>Xhgomn</LastName>
    <Email>Xouu_Xhgomn@gmail.com</Email>
  </Contact>
  <Contact>
    <Id>500</Id>
    <FirstName>Ojyw</FirstName>
    <LastName>Zzlxpo</LastName>
    <Email>Ojyw_Zzlxpo@gmail.com</Email>
  </Contact>
</Contacts>